session_date,symbol,event_type,fill_path_type,acceptance_behavior,initiative_behavior,partial_fill,failed_fill,continuation_after_fill,squeeze_then_fill,rotational_balance_then_fill,direct_fill
2024-01-31,SPY,DAILY_AUCTION,NO_GAP,,,0,0,0,0,0,0
2024-02-01,SPY,UNCLASSIFIED,UNCLASSIFIED,,,0,0,0,0,0,0
2024-02-02,SPY,UNCLASSIFIED,UNCLASSIFIED,,,0,0,0,0,0,0
2024-02-05,SPY,UNCLASSIFIED,UNCLASSIFIED,,,0,0,0,0,0,0
2024-02-06,SPY,UNCLASSIFIED,UNCLASSIFIED,,,0,0,0,0,0,0
2024-02-07,SPY,UNCLASSIFIED,UNCLASSIFIED,,,0,0,0,0,0,0
2024-02-08,SPY,UNCLASSIFIED,NO_GAP,,,0,0,0,0,0,0
2024-02-09,SPY,UNCLASSIFIED,UNCLASSIFIED,,,0,0,0,0,0,0
2024-02-12,SPY,UNCLASSIFIED,UNCLASSIFIED,,,0,0,0,0,0,0
2024-02-13,SPY,UNCLASSIFIED,UNCLASSIFIED,,,0,0,0,0,0,0
2024-02-14,SPY,UNCLASSIFIED,UNCLASSIFIED,,,0,0,0,0,0,0
2024-02-15,SPY,UNCLASSIFIED,UNCLASSIFIED,,,0,0,0,0,0,0
2024-02-16,SPY,UNCLASSIFIED,UNCLASSIFIED,,,0,0,0,0,0,0
2024-02-20,SPY,CLEAN_BREAKDOWN,UNCLASSIFIED,,,0,0,0,0,0,0
2024-02-21,SPY,UNCLASSIFIED,UNCLASSIFIED,,,0,0,0,0,0,0
2024-02-22,SPY,CLEAN_BREAKOUT,UNCLASSIFIED,,,0,0,0,0,0,0
2024-02-23,SPY,UNCLASSIFIED,UNCLASSIFIED,,,0,0,0,0,0,0
2024-02-26,SPY,UNCLASSIFIED,UNCLASSIFIED,,,0,0,0,0,0,0
2024-02-27,SPY,UNCLASSIFIED,UNCLASSIFIED,,,0,0,0,0,0,0
2024-02-28,SPY,RANGE_COMPRESSION,UNCLASSIFIED,,,0,0,0,0,0,0
2024-02-29,SPY,UNCLASSIFIED,UNCLASSIFIED,,,0,0,0,0,0,0
2024-03-01,SPY,CLEAN_BREAKOUT,UNCLASSIFIED,,,0,0,0,0,0,0
2024-03-04,SPY,UNCLASSIFIED,UNCLASSIFIED,,,0,0,0,0,0,0
2024-03-05,SPY,CLEAN_BREAKDOWN,UNCLASSIFIED,,,0,0,0,0,0,0
2024-03-06,SPY,UNCLASSIFIED,UNCLASSIFIED,,,0,0,0,0,0,0
2024-03-07,SPY,CLEAN_BREAKOUT,UNCLASSIFIED,,,0,0,0,0,0,0
2024-03-08,SPY,FAILED_BREAKOUT,UNCLASSIFIED,,,0,0,0,0,0,0
2024-03-11,SPY,UNCLASSIFIED,UNCLASSIFIED,,,0,0,0,0,0,0
2024-03-12,SPY,CLEAN_BREAKOUT,UNCLASSIFIED,,,0,0,0,0,0,0
2024-03-13,SPY,RANGE_COMPRESSION,UNCLASSIFIED,,,0,0,0,0,0,0
2024-03-14,SPY,UNCLASSIFIED,UNCLASSIFIED,,,0,0,0,0,0,0
2024-03-15,SPY,CLEAN_BREAKDOWN,UNCLASSIFIED,,,0,0,0,0,0,0
2024-03-18,SPY,CLEAN_BREAKOUT,UNCLASSIFIED,,,0,0,0,0,0,0
2024-03-19,SPY,UNCLASSIFIED,UNCLASSIFIED,,,0,0,0,0,0,0
2024-03-20,SPY,CLEAN_BREAKOUT,UNCLASSIFIED,,,0,0,0,0,0,0
2024-03-21,SPY,UNCLASSIFIED,UNCLASSIFIED,,,0,0,0,0,0,0
2024-03-22,SPY,UNCLASSIFIED,UNCLASSIFIED,,,0,0,0,0,0,0
2024-03-25,SPY,UNCLASSIFIED,UNCLASSIFIED,,,0,0,0,0,0,0
2024-03-26,SPY,UNCLASSIFIED,UNCLASSIFIED,,,0,0,0,0,0,0
2024-03-27,SPY,UNCLASSIFIED,UNCLASSIFIED,,,0,0,0,0,0,0
2024-03-28,SPY,UNCLASSIFIED,UNCLASSIFIED,,,0,0,0,0,0,0
2024-04-01,SPY,UNCLASSIFIED,UNCLASSIFIED,,,0,0,0,0,0,0
2024-04-02,SPY,CLEAN_BREAKDOWN,UNCLASSIFIED,,,0,0,0,0,0,0
2024-04-03,SPY,UNCLASSIFIED,UNCLASSIFIED,,,0,0,0,0,0,0
2024-04-04,SPY,FAILED_BREAKOUT,UNCLASSIFIED,,,0,0,0,0,0,0
2024-04-05,SPY,UNCLASSIFIED,UNCLASSIFIED,,,0,0,0,0,0,0
2024-04-08,SPY,RANGE_COMPRESSION,UNCLASSIFIED,,,0,0,0,0,0,0
2024-04-09,SPY,FAILED_BREAKDOWN,UNCLASSIFIED,,,0,0,0,0,0,0
2024-04-10,SPY,CLEAN_BREAKDOWN,UNCLASSIFIED,,,0,0,0,0,0,0
2024-04-11,SPY,FAILED_BREAKDOWN,UNCLASSIFIED,,,0,0,0,0,0,0
2024-04-12,SPY,CLEAN_BREAKDOWN,UNCLASSIFIED,,,0,0,0,0,0,0
2024-04-15,SPY,CLEAN_BREAKDOWN,UNCLASSIFIED,,,0,0,0,0,0,0
2024-04-16,SPY,UNCLASSIFIED,UNCLASSIFIED,,,0,0,0,0,0,0
2024-04-17,SPY,CLEAN_BREAKDOWN,UNCLASSIFIED,,,0,0,0,0,0,0
2024-04-18,SPY,UNCLASSIFIED,UNCLASSIFIED,,,0,0,0,0,0,0
2024-04-19,SPY,UNCLASSIFIED,UNCLASSIFIED,,,0,0,0,0,0,0
2024-04-22,SPY,UNCLASSIFIED,UNCLASSIFIED,,,0,0,0,0,0,0
2024-04-23,SPY,UNCLASSIFIED,UNCLASSIFIED,,,0,0,0,0,0,0
2024-04-24,SPY,UNCLASSIFIED,UNCLASSIFIED,,,0,0,0,0,0,0
2024-04-25,SPY,UNCLASSIFIED,UNCLASSIFIED,,,0,0,0,0,0,0
2024-04-26,SPY,UNCLASSIFIED,UNCLASSIFIED,,,0,0,0,0,0,0
2024-04-29,SPY,UNCLASSIFIED,UNCLASSIFIED,,,0,0,0,0,0,0
2024-04-30,SPY,CLEAN_BREAKDOWN,UNCLASSIFIED,,,0,0,0,0,0,0
2024-05-01,SPY,CLEAN_BREAKDOWN,UNCLASSIFIED,,,0,0,0,0,0,0
2024-05-02,SPY,UNCLASSIFIED,UNCLASSIFIED,,,0,0,0,0,0,0
2024-05-03,SPY,CLEAN_BREAKOUT,UNCLASSIFIED,,,0,0,0,0,0,0
2024-05-06,SPY,UNCLASSIFIED,UNCLASSIFIED,,,0,0,0,0,0,0
2024-05-07,SPY,UNCLASSIFIED,UNCLASSIFIED,,,0,0,0,0,0,0
2024-05-08,SPY,UNCLASSIFIED,UNCLASSIFIED,,,0,0,0,0,0,0
2024-05-09,SPY,UNCLASSIFIED,UNCLASSIFIED,,,0,0,0,0,0,0
2024-05-10,SPY,UNCLASSIFIED,UNCLASSIFIED,,,0,0,0,0,0,0
2024-05-13,SPY,UNCLASSIFIED,UNCLASSIFIED,,,0,0,0,0,0,0
2024-05-14,SPY,UNCLASSIFIED,UNCLASSIFIED,,,0,0,0,0,0,0
2024-05-15,SPY,CLEAN_BREAKOUT,UNCLASSIFIED,,,0,0,0,0,0,0
2024-05-16,SPY,UNCLASSIFIED,UNCLASSIFIED,,,0,0,0,0,0,0
2024-05-17,SPY,UNCLASSIFIED,UNCLASSIFIED,,,0,0,0,0,0,0
2024-05-20,SPY,UNCLASSIFIED,UNCLASSIFIED,,,0,0,0,0,0,0
2024-05-21,SPY,UNCLASSIFIED,UNCLASSIFIED,,,0,0,0,0,0,0
2024-05-22,SPY,UNCLASSIFIED,UNCLASSIFIED,,,0,0,0,0,0,0
2024-05-23,SPY,FAILED_BREAKOUT,UNCLASSIFIED,,,0,0,0,0,0,0
2024-05-24,SPY,UNCLASSIFIED,UNCLASSIFIED,,,0,0,0,0,0,0
2024-05-28,SPY,UNCLASSIFIED,UNCLASSIFIED,,,0,0,0,0,0,0
2024-05-29,SPY,CLEAN_BREAKDOWN,UNCLASSIFIED,,,0,0,0,0,0,0
2024-05-30,SPY,CLEAN_BREAKDOWN,UNCLASSIFIED,,,0,0,0,0,0,0
2024-05-31,SPY,FAILED_BREAKDOWN,UNCLASSIFIED,,,0,0,0,0,0,0
2024-06-03,SPY,CLEAN_BREAKOUT,UNCLASSIFIED,,,0,0,0,0,0,0
2024-06-04,SPY,UNCLASSIFIED,UNCLASSIFIED,,,0,0,0,0,0,0
2024-06-05,SPY,CLEAN_BREAKOUT,UNCLASSIFIED,,,0,0,0,0,0,0
2024-06-06,SPY,UNCLASSIFIED,UNCLASSIFIED,,,0,0,0,0,0,0
2024-06-07,SPY,UNCLASSIFIED,UNCLASSIFIED,,,0,0,0,0,0,0
2024-06-10,SPY,RANGE_COMPRESSION,UNCLASSIFIED,,,0,0,0,0,0,0
2024-06-11,SPY,UNCLASSIFIED,UNCLASSIFIED,,,0,0,0,0,0,0
2024-06-12,SPY,CLEAN_BREAKOUT,UNCLASSIFIED,,,0,0,0,0,0,0
2024-06-13,SPY,UNCLASSIFIED,UNCLASSIFIED,,,0,0,0,0,0,0
2024-06-14,SPY,RANGE_COMPRESSION,UNCLASSIFIED,,,0,0,0,0,0,0
2024-06-17,SPY,CLEAN_BREAKOUT,UNCLASSIFIED,,,0,0,0,0,0,0
2024-06-18,SPY,UNCLASSIFIED,UNCLASSIFIED,,,0,0,0,0,0,0
2024-06-20,SPY,UNCLASSIFIED,UNCLASSIFIED,,,0,0,0,0,0,0
2024-06-21,SPY,UNCLASSIFIED,UNCLASSIFIED,,,0,0,0,0,0,0
2024-06-24,SPY,UNCLASSIFIED,UNCLASSIFIED,,,0,0,0,0,0,0
2024-06-25,SPY,UNCLASSIFIED,UNCLASSIFIED,,,0,0,0,0,0,0
2024-06-26,SPY,UNCLASSIFIED,UNCLASSIFIED,,,0,0,0,0,0,0
2024-06-27,SPY,UNCLASSIFIED,UNCLASSIFIED,,,0,0,0,0,0,0
2024-06-28,SPY,FAILED_BREAKOUT,UNCLASSIFIED,,,0,0,0,0,0,0
2024-07-01,SPY,UNCLASSIFIED,UNCLASSIFIED,,,0,0,0,0,0,0
2024-07-02,SPY,CLEAN_BREAKOUT,UNCLASSIFIED,,,0,0,0,0,0,0
2024-07-03,SPY,UNCLASSIFIED,UNCLASSIFIED,,,0,0,0,0,0,0
2024-07-05,SPY,UNCLASSIFIED,UNCLASSIFIED,,,0,0,0,0,0,0
2024-07-08,SPY,UNCLASSIFIED,UNCLASSIFIED,,,0,0,0,0,0,0
2024-07-09,SPY,UNCLASSIFIED,UNCLASSIFIED,,,0,0,0,0,0,0
2024-07-10,SPY,CLEAN_BREAKOUT,UNCLASSIFIED,,,0,0,0,0,0,0
2024-07-11,SPY,FAILED_BREAKOUT,UNCLASSIFIED,,,0,0,0,0,0,0
2024-07-12,SPY,FAILED_BREAKOUT,UNCLASSIFIED,,,0,0,0,0,0,0
2024-07-15,SPY,UNCLASSIFIED,UNCLASSIFIED,,,0,0,0,0,0,0
2024-07-16,SPY,UNCLASSIFIED,UNCLASSIFIED,,,0,0,0,0,0,0
2024-07-17,SPY,CLEAN_BREAKDOWN,UNCLASSIFIED,,,0,0,0,0,0,0
2024-07-18,SPY,CLEAN_BREAKDOWN,UNCLASSIFIED,,,0,0,0,0,0,0
2024-07-19,SPY,CLEAN_BREAKDOWN,UNCLASSIFIED,,,0,0,0,0,0,0
2024-07-22,SPY,CLEAN_BREAKOUT,UNCLASSIFIED,,,0,0,0,0,0,0
2024-07-23,SPY,UNCLASSIFIED,UNCLASSIFIED,,,0,0,0,0,0,0
2024-07-24,SPY,CLEAN_BREAKDOWN,UNCLASSIFIED,,,0,0,0,0,0,0
2024-07-25,SPY,CLEAN_BREAKDOWN,UNCLASSIFIED,,,0,0,0,0,0,0
2024-07-26,SPY,UNCLASSIFIED,UNCLASSIFIED,,,0,0,0,0,0,0
2024-07-29,SPY,RANGE_COMPRESSION,UNCLASSIFIED,,,0,0,0,0,0,0
2024-07-30,SPY,CLEAN_BREAKDOWN,UNCLASSIFIED,,,0,0,0,0,0,0
2024-07-31,SPY,CLEAN_BREAKOUT,UNCLASSIFIED,,,0,0,0,0,0,0
2024-08-01,SPY,FAILED_BREAKOUT,UNCLASSIFIED,,,0,0,0,0,0,0
2024-08-02,SPY,CLEAN_BREAKDOWN,UNCLASSIFIED,,,0,0,0,0,0,0
2024-08-05,SPY,CLEAN_BREAKDOWN,UNCLASSIFIED,,,0,0,0,0,0,0
2024-08-06,SPY,UNCLASSIFIED,UNCLASSIFIED,,,0,0,0,0,0,0
2024-08-07,SPY,FAILED_BREAKOUT,UNCLASSIFIED,,,0,0,0,0,0,0
2024-08-08,SPY,UNCLASSIFIED,UNCLASSIFIED,,,0,0,0,0,0,0
2024-08-09,SPY,UNCLASSIFIED,UNCLASSIFIED,,,0,0,0,0,0,0
2024-08-12,SPY,UNCLASSIFIED,UNCLASSIFIED,,,0,0,0,0,0,0
2024-08-13,SPY,UNCLASSIFIED,UNCLASSIFIED,,,0,0,0,0,0,0
2024-08-14,SPY,UNCLASSIFIED,UNCLASSIFIED,,,0,0,0,0,0,0
2024-08-15,SPY,UNCLASSIFIED,UNCLASSIFIED,,,0,0,0,0,0,0
2024-08-16,SPY,UNCLASSIFIED,UNCLASSIFIED,,,0,0,0,0,0,0
2024-08-19,SPY,UNCLASSIFIED,UNCLASSIFIED,,,0,0,0,0,0,0
2024-08-20,SPY,UNCLASSIFIED,UNCLASSIFIED,,,0,0,0,0,0,0
2024-08-21,SPY,UNCLASSIFIED,UNCLASSIFIED,,,0,0,0,0,0,0
2024-08-22,SPY,UNCLASSIFIED,UNCLASSIFIED,,,0,0,0,0,0,0
2024-08-23,SPY,UNCLASSIFIED,UNCLASSIFIED,,,0,0,0,0,0,0
2024-08-26,SPY,UNCLASSIFIED,UNCLASSIFIED,,,0,0,0,0,0,0
2024-08-27,SPY,UNCLASSIFIED,UNCLASSIFIED,,,0,0,0,0,0,0
2024-08-28,SPY,CLEAN_BREAKDOWN,UNCLASSIFIED,,,0,0,0,0,0,0
2024-08-29,SPY,UNCLASSIFIED,UNCLASSIFIED,,,0,0,0,0,0,0
2024-08-30,SPY,UNCLASSIFIED,UNCLASSIFIED,,,0,0,0,0,0,0
2024-09-03,SPY,CLEAN_BREAKDOWN,UNCLASSIFIED,,,0,0,0,0,0,0
2024-09-04,SPY,UNCLASSIFIED,UNCLASSIFIED,,,0,0,0,0,0,0
2024-09-05,SPY,UNCLASSIFIED,UNCLASSIFIED,,,0,0,0,0,0,0
2024-09-06,SPY,CLEAN_BREAKDOWN,UNCLASSIFIED,,,0,0,0,0,0,0
2024-09-09,SPY,UNCLASSIFIED,UNCLASSIFIED,,,0,0,0,0,0,0
2024-09-10,SPY,UNCLASSIFIED,UNCLASSIFIED,,,0,0,0,0,0,0
2024-09-11,SPY,FAILED_BREAKDOWN,UNCLASSIFIED,,,0,0,0,0,0,0
2024-09-12,SPY,UNCLASSIFIED,UNCLASSIFIED,,,0,0,0,0,0,0
2024-09-13,SPY,UNCLASSIFIED,UNCLASSIFIED,,,0,0,0,0,0,0
2024-09-16,SPY,UNCLASSIFIED,UNCLASSIFIED,,,0,0,0,0,0,0
2024-09-17,SPY,UNCLASSIFIED,UNCLASSIFIED,,,0,0,0,0,0,0
2024-09-18,SPY,UNCLASSIFIED,UNCLASSIFIED,,,0,0,0,0,0,0
2024-09-19,SPY,CLEAN_BREAKOUT,UNCLASSIFIED,,,0,0,0,0,0,0
2024-09-20,SPY,UNCLASSIFIED,UNCLASSIFIED,,,0,0,0,0,0,0
2024-09-23,SPY,UNCLASSIFIED,UNCLASSIFIED,,,0,0,0,0,0,0
2024-09-24,SPY,UNCLASSIFIED,UNCLASSIFIED,,,0,0,0,0,0,0
2024-09-25,SPY,UNCLASSIFIED,UNCLASSIFIED,,,0,0,0,0,0,0
2024-09-26,SPY,UNCLASSIFIED,UNCLASSIFIED,,,0,0,0,0,0,0
2024-09-27,SPY,RANGE_COMPRESSION,UNCLASSIFIED,,,0,0,0,0,0,0
2024-09-30,SPY,UNCLASSIFIED,UNCLASSIFIED,,,0,0,0,0,0,0
2024-10-01,SPY,FAILED_BREAKDOWN,UNCLASSIFIED,,,0,0,0,0,0,0
2024-10-02,SPY,UNCLASSIFIED,UNCLASSIFIED,,,0,0,0,0,0,0
2024-10-03,SPY,UNCLASSIFIED,UNCLASSIFIED,,,0,0,0,0,0,0
2024-10-04,SPY,CLEAN_BREAKOUT,UNCLASSIFIED,,,0,0,0,0,0,0
2024-10-07,SPY,CLEAN_BREAKDOWN,UNCLASSIFIED,,,0,0,0,0,0,0
2024-10-08,SPY,CLEAN_BREAKOUT,UNCLASSIFIED,,,0,0,0,0,0,0
2024-10-09,SPY,CLEAN_BREAKOUT,UNCLASSIFIED,,,0,0,0,0,0,0
2024-10-10,SPY,RANGE_COMPRESSION,UNCLASSIFIED,,,0,0,0,0,0,0
2024-10-11,SPY,UNCLASSIFIED,UNCLASSIFIED,,,0,0,0,0,0,0
2024-10-14,SPY,CLEAN_BREAKOUT,UNCLASSIFIED,,,0,0,0,0,0,0
2024-10-15,SPY,CLEAN_BREAKDOWN,UNCLASSIFIED,,,0,0,0,0,0,0
2024-10-16,SPY,RANGE_COMPRESSION,NO_GAP,,,0,0,0,0,0,0
2024-10-17,SPY,UNCLASSIFIED,UNCLASSIFIED,,,0,0,0,0,0,0
2024-10-18,SPY,RANGE_COMPRESSION,UNCLASSIFIED,,,0,0,0,0,0,0
2024-10-21,SPY,UNCLASSIFIED,UNCLASSIFIED,,,0,0,0,0,0,0
2024-10-22,SPY,UNCLASSIFIED,UNCLASSIFIED,,,0,0,0,0,0,0
2024-10-23,SPY,CLEAN_BREAKDOWN,UNCLASSIFIED,,,0,0,0,0,0,0
2024-10-24,SPY,RANGE_COMPRESSION,UNCLASSIFIED,,,0,0,0,0,0,0
2024-10-25,SPY,FAILED_BREAKOUT,UNCLASSIFIED,,,0,0,0,0,0,0
2024-10-28,SPY,UNCLASSIFIED,UNCLASSIFIED,,,0,0,0,0,0,0
2024-10-29,SPY,UNCLASSIFIED,UNCLASSIFIED,,,0,0,0,0,0,0
2024-10-30,SPY,UNCLASSIFIED,UNCLASSIFIED,,,0,0,0,0,0,0
2024-10-31,SPY,CLEAN_BREAKDOWN,UNCLASSIFIED,,,0,0,0,0,0,0
2024-11-01,SPY,UNCLASSIFIED,UNCLASSIFIED,,,0,0,0,0,0,0
2024-11-04,SPY,UNCLASSIFIED,UNCLASSIFIED,,,0,0,0,0,0,0
2024-11-05,SPY,CLEAN_BREAKOUT,UNCLASSIFIED,,,0,0,0,0,0,0
2024-11-06,SPY,CLEAN_BREAKOUT,UNCLASSIFIED,,,0,0,0,0,0,0
2024-11-07,SPY,UNCLASSIFIED,UNCLASSIFIED,,,0,0,0,0,0,0
2024-11-08,SPY,UNCLASSIFIED,UNCLASSIFIED,,,0,0,0,0,0,0
2024-11-11,SPY,UNCLASSIFIED,UNCLASSIFIED,,,0,0,0,0,0,0
2024-11-12,SPY,UNCLASSIFIED,UNCLASSIFIED,,,0,0,0,0,0,0
2024-11-13,SPY,RANGE_COMPRESSION,UNCLASSIFIED,,,0,0,0,0,0,0
2024-11-14,SPY,UNCLASSIFIED,UNCLASSIFIED,,,0,0,0,0,0,0
2024-11-15,SPY,CLEAN_BREAKDOWN,UNCLASSIFIED,,,0,0,0,0,0,0
2024-11-18,SPY,RANGE_COMPRESSION,UNCLASSIFIED,,,0,0,0,0,0,0
2024-11-19,SPY,CLEAN_BREAKOUT,UNCLASSIFIED,,,0,0,0,0,0,0
2024-11-20,SPY,UNCLASSIFIED,UNCLASSIFIED,,,0,0,0,0,0,0
2024-11-21,SPY,CLEAN_BREAKOUT,UNCLASSIFIED,,,0,0,0,0,0,0
2024-11-22,SPY,UNCLASSIFIED,UNCLASSIFIED,,,0,0,0,0,0,0
2024-11-25,SPY,UNCLASSIFIED,UNCLASSIFIED,,,0,0,0,0,0,0
2024-11-26,SPY,UNCLASSIFIED,UNCLASSIFIED,,,0,0,0,0,0,0
2024-11-27,SPY,UNCLASSIFIED,UNCLASSIFIED,,,0,0,0,0,0,0
2024-11-29,SPY,UNCLASSIFIED,UNCLASSIFIED,,,0,0,0,0,0,0
2024-12-02,SPY,UNCLASSIFIED,UNCLASSIFIED,,,0,0,0,0,0,0
2024-12-03,SPY,UNCLASSIFIED,UNCLASSIFIED,,,0,0,0,0,0,0
2024-12-04,SPY,UNCLASSIFIED,UNCLASSIFIED,,,0,0,0,0,0,0
2024-12-05,SPY,UNCLASSIFIED,NO_GAP,,,0,0,0,0,0,0
2024-12-06,SPY,UNCLASSIFIED,UNCLASSIFIED,,,0,0,0,0,0,0
2024-12-09,SPY,UNCLASSIFIED,UNCLASSIFIED,,,0,0,0,0,0,0
2024-12-10,SPY,UNCLASSIFIED,UNCLASSIFIED,,,0,0,0,0,0,0
2024-12-11,SPY,CLEAN_BREAKOUT,UNCLASSIFIED,,,0,0,0,0,0,0
2024-12-12,SPY,UNCLASSIFIED,UNCLASSIFIED,,,0,0,0,0,0,0
2024-12-13,SPY,CLEAN_BREAKDOWN,UNCLASSIFIED,,,0,0,0,0,0,0
2024-12-16,SPY,UNCLASSIFIED,UNCLASSIFIED,,,0,0,0,0,0,0
2024-12-17,SPY,CLEAN_BREAKDOWN,UNCLASSIFIED,,,0,0,0,0,0,0
2024-12-18,SPY,FAILED_BREAKOUT,UNCLASSIFIED,,,0,0,0,0,0,0
2024-12-19,SPY,FAILED_BREAKDOWN,UNCLASSIFIED,,,0,0,0,0,0,0
2024-12-20,SPY,FAILED_BREAKDOWN,UNCLASSIFIED,,,0,0,0,0,0,0
2024-12-23,SPY,UNCLASSIFIED,UNCLASSIFIED,,,0,0,0,0,0,0
2024-12-24,SPY,CLEAN_BREAKOUT,UNCLASSIFIED,,,0,0,0,0,0,0
2024-12-26,SPY,UNCLASSIFIED,UNCLASSIFIED,,,0,0,0,0,0,0
2024-12-27,SPY,CLEAN_BREAKDOWN,UNCLASSIFIED,,,0,0,0,0,0,0
2024-12-30,SPY,CLEAN_BREAKDOWN,UNCLASSIFIED,,,0,0,0,0,0,0
2024-12-31,SPY,UNCLASSIFIED,UNCLASSIFIED,,,0,0,0,0,0,0
2025-01-02,SPY,FAILED_BREAKDOWN,SQUEEZE_THEN_FILL,LATE_FILL_ACCEPTANCE,SQUEEZE_AWAY_FIRST,0,0,0,1,0,0
2025-01-03,SPY,UNCLASSIFIED,FAILED_FILL_CONTINUATION,CONTINUATION_ACCEPTANCE,TREND_CONTINUATION,0,1,1,0,0,0
2025-01-06,SPY,UNCLASSIFIED,PARTIAL_FILL_REJECT,REJECTED_BEFORE_FILL,FAILED_REVERSION,1,0,0,0,0,0
2025-01-07,SPY,CLEAN_BREAKDOWN,DIRECT_FILL,FAST_ACCEPTANCE,IMMEDIATE_REVERSION,0,0,0,0,0,1
2025-01-08,SPY,UNCLASSIFIED,SQUEEZE_THEN_FILL,LATE_FILL_ACCEPTANCE,SQUEEZE_AWAY_FIRST,0,0,0,1,0,0
2025-01-10,SPY,CLEAN_BREAKDOWN,LIQUIDITY_VACUUM_CONTINUATION,CONTINUATION_ACCEPTANCE,LIQUIDITY_VACUUM,0,1,1,0,0,0
2025-01-13,SPY,UNCLASSIFIED,ROTATIONAL_BALANCE_THEN_FILL,BALANCE_TO_ACCEPTANCE,ROTATIONAL_AUCTION,0,0,0,0,1,0
2025-01-14,SPY,UNCLASSIFIED,ROTATIONAL_BALANCE_THEN_FILL,BALANCE_TO_ACCEPTANCE,ROTATIONAL_AUCTION,0,0,0,0,1,0
2025-01-15,SPY,CLEAN_BREAKOUT,FAILED_FILL_CONTINUATION,CONTINUATION_ACCEPTANCE,TREND_CONTINUATION,0,1,1,0,0,0
2025-01-16,SPY,UNCLASSIFIED,DIRECT_FILL,FAST_ACCEPTANCE,IMMEDIATE_REVERSION,0,0,0,0,0,1
2025-01-17,SPY,UNCLASSIFIED,FAILED_FILL_CONTINUATION,CONTINUATION_ACCEPTANCE,TREND_CONTINUATION,0,1,1,0,0,0
2025-01-21,SPY,UNCLASSIFIED,PARTIAL_FILL_REJECT,REJECTED_BEFORE_FILL,FAILED_REVERSION,1,0,0,0,0,0
2025-01-22,SPY,UNCLASSIFIED,FAILED_FILL_CONTINUATION,CONTINUATION_ACCEPTANCE,TREND_CONTINUATION,0,1,1,0,0,0
2025-01-23,SPY,UNCLASSIFIED,SQUEEZE_THEN_FILL,LATE_FILL_ACCEPTANCE,SQUEEZE_AWAY_FIRST,0,0,0,1,0,0
2025-01-24,SPY,UNCLASSIFIED,DIRECT_FILL,FAST_ACCEPTANCE,IMMEDIATE_REVERSION,0,0,0,0,0,1
2025-01-27,SPY,CLEAN_BREAKDOWN,UNCLASSIFIED,,,0,0,0,0,0,0
2025-01-28,SPY,CLEAN_BREAKOUT,SQUEEZE_THEN_FILL,LATE_FILL_ACCEPTANCE,SQUEEZE_AWAY_FIRST,0,0,0,1,0,0
2025-01-29,SPY,UNCLASSIFIED,PARTIAL_FILL_REJECT,REJECTED_BEFORE_FILL,FAILED_REVERSION,1,0,0,0,0,0
2025-01-30,SPY,UNCLASSIFIED,SQUEEZE_THEN_FILL,LATE_FILL_ACCEPTANCE,SQUEEZE_AWAY_FIRST,0,0,0,1,0,0
2025-01-31,SPY,FAILED_BREAKOUT,SQUEEZE_THEN_FILL,LATE_FILL_ACCEPTANCE,SQUEEZE_AWAY_FIRST,0,0,0,1,0,0
2025-02-03,SPY,CLEAN_BREAKDOWN,PARTIAL_FILL_REJECT,REJECTED_BEFORE_FILL,FAILED_REVERSION,1,0,0,0,0,0
2025-02-04,SPY,UNCLASSIFIED,SQUEEZE_THEN_FILL,LATE_FILL_ACCEPTANCE,SQUEEZE_AWAY_FIRST,0,0,0,1,0,0
2025-02-05,SPY,UNCLASSIFIED,SQUEEZE_THEN_FILL,LATE_FILL_ACCEPTANCE,SQUEEZE_AWAY_FIRST,0,0,0,1,0,0
2025-02-06,SPY,UNCLASSIFIED,ROTATIONAL_BALANCE_THEN_FILL,BALANCE_TO_ACCEPTANCE,ROTATIONAL_AUCTION,0,0,0,0,1,0
2025-02-07,SPY,CLEAN_BREAKDOWN,DIRECT_FILL,FAST_ACCEPTANCE,IMMEDIATE_REVERSION,0,0,0,0,0,1
2025-02-10,SPY,RANGE_COMPRESSION,FAILED_FILL_CONTINUATION,CONTINUATION_ACCEPTANCE,TREND_CONTINUATION,0,1,1,0,0,0
2025-02-11,SPY,UNCLASSIFIED,ROTATIONAL_BALANCE_THEN_FILL,BALANCE_TO_ACCEPTANCE,ROTATIONAL_AUCTION,0,0,0,0,1,0
2025-02-12,SPY,UNCLASSIFIED,PARTIAL_FILL_REJECT,REJECTED_BEFORE_FILL,FAILED_REVERSION,1,0,0,0,0,0
2025-02-13,SPY,UNCLASSIFIED,SQUEEZE_THEN_FILL,LATE_FILL_ACCEPTANCE,SQUEEZE_AWAY_FIRST,0,0,0,1,0,0
2025-02-14,SPY,UNCLASSIFIED,SQUEEZE_THEN_FILL,LATE_FILL_ACCEPTANCE,SQUEEZE_AWAY_FIRST,0,0,0,1,0,0
2025-02-18,SPY,UNCLASSIFIED,DIRECT_FILL,FAST_ACCEPTANCE,IMMEDIATE_REVERSION,0,0,0,0,0,1
2025-02-19,SPY,UNCLASSIFIED,SQUEEZE_THEN_FILL,LATE_FILL_ACCEPTANCE,SQUEEZE_AWAY_FIRST,0,0,0,1,0,0
2025-02-20,SPY,UNCLASSIFIED,FAILED_FILL_CONTINUATION,CONTINUATION_ACCEPTANCE,TREND_CONTINUATION,0,1,1,0,0,0
2025-02-21,SPY,CLEAN_BREAKDOWN,PARTIAL_FILL_REJECT,REJECTED_BEFORE_FILL,FAILED_REVERSION,1,0,0,0,0,0
2025-02-24,SPY,CLEAN_BREAKDOWN,DIRECT_FILL,FAST_ACCEPTANCE,IMMEDIATE_REVERSION,0,0,0,0,0,1
2025-02-25,SPY,CLEAN_BREAKDOWN,SQUEEZE_THEN_FILL,LATE_FILL_ACCEPTANCE,SQUEEZE_AWAY_FIRST,0,0,0,1,0,0
2025-02-26,SPY,FAILED_BREAKOUT,SQUEEZE_THEN_FILL,LATE_FILL_ACCEPTANCE,SQUEEZE_AWAY_FIRST,0,0,0,1,0,0
2025-02-27,SPY,CLEAN_BREAKDOWN,DIRECT_FILL,FAST_ACCEPTANCE,IMMEDIATE_REVERSION,0,0,0,0,0,1
2025-02-28,SPY,FAILED_BREAKDOWN,SQUEEZE_THEN_FILL,LATE_FILL_ACCEPTANCE,SQUEEZE_AWAY_FIRST,0,0,0,1,0,0
2025-03-03,SPY,FAILED_BREAKDOWN,DIRECT_FILL,FAST_ACCEPTANCE,IMMEDIATE_REVERSION,0,0,0,0,0,1
2025-03-04,SPY,CLEAN_BREAKDOWN,SQUEEZE_THEN_FILL,LATE_FILL_ACCEPTANCE,SQUEEZE_AWAY_FIRST,0,0,0,1,0,0
2025-03-05,SPY,UNCLASSIFIED,SQUEEZE_THEN_FILL,LATE_FILL_ACCEPTANCE,SQUEEZE_AWAY_FIRST,0,0,0,1,0,0
2025-03-06,SPY,CLEAN_BREAKDOWN,PARTIAL_FILL_REJECT,REJECTED_BEFORE_FILL,FAILED_REVERSION,1,0,0,0,0,0
2025-03-07,SPY,UNCLASSIFIED,SQUEEZE_THEN_FILL,LATE_FILL_ACCEPTANCE,SQUEEZE_AWAY_FIRST,0,0,0,1,0,0
2025-03-10,SPY,CLEAN_BREAKDOWN,UNCLASSIFIED,,,0,0,0,0,0,0
2025-03-11,SPY,UNCLASSIFIED,SQUEEZE_THEN_FILL,LATE_FILL_ACCEPTANCE,SQUEEZE_AWAY_FIRST,0,0,0,1,0,0
2025-03-12,SPY,UNCLASSIFIED,UNCLASSIFIED,,,0,0,0,0,0,0
2025-03-13,SPY,UNCLASSIFIED,SQUEEZE_THEN_FILL,LATE_FILL_ACCEPTANCE,SQUEEZE_AWAY_FIRST,0,0,0,1,0,0
2025-03-14,SPY,CLEAN_BREAKOUT,PARTIAL_FILL_REJECT,REJECTED_BEFORE_FILL,FAILED_REVERSION,1,0,0,0,0,0
2025-03-17,SPY,UNCLASSIFIED,DIRECT_FILL,FAST_ACCEPTANCE,IMMEDIATE_REVERSION,0,0,0,0,0,1
2025-03-18,SPY,UNCLASSIFIED,FAILED_FILL_CONTINUATION,CONTINUATION_ACCEPTANCE,TREND_CONTINUATION,0,1,1,0,0,0
2025-03-19,SPY,UNCLASSIFIED,PARTIAL_FILL_REJECT,REJECTED_BEFORE_FILL,FAILED_REVERSION,1,0,0,0,0,0
2025-03-20,SPY,RANGE_COMPRESSION,DIRECT_FILL,FAST_ACCEPTANCE,IMMEDIATE_REVERSION,0,0,0,0,0,1
2025-03-21,SPY,UNCLASSIFIED,PARTIAL_FILL_REJECT,REJECTED_BEFORE_FILL,FAILED_REVERSION,1,0,0,0,0,0
2025-03-24,SPY,CLEAN_BREAKOUT,FAILED_FILL_CONTINUATION,CONTINUATION_ACCEPTANCE,TREND_CONTINUATION,0,1,1,0,0,0
2025-03-25,SPY,UNCLASSIFIED,DIRECT_FILL,FAST_ACCEPTANCE,IMMEDIATE_REVERSION,0,0,0,0,0,1
2025-03-26,SPY,UNCLASSIFIED,SQUEEZE_THEN_FILL,LATE_FILL_ACCEPTANCE,SQUEEZE_AWAY_FIRST,0,0,0,1,0,0
2025-03-27,SPY,UNCLASSIFIED,SQUEEZE_THEN_FILL,LATE_FILL_ACCEPTANCE,SQUEEZE_AWAY_FIRST,0,0,0,1,0,0
2025-03-28,SPY,CLEAN_BREAKDOWN,LIQUIDITY_VACUUM_CONTINUATION,CONTINUATION_ACCEPTANCE,LIQUIDITY_VACUUM,0,1,1,0,0,0
2025-03-31,SPY,FAILED_BREAKDOWN,SQUEEZE_THEN_FILL,LATE_FILL_ACCEPTANCE,SQUEEZE_AWAY_FIRST,0,0,0,1,0,0
2025-04-01,SPY,CLEAN_BREAKOUT,SQUEEZE_THEN_FILL,LATE_FILL_ACCEPTANCE,SQUEEZE_AWAY_FIRST,0,0,0,1,0,0
2025-04-02,SPY,CLEAN_BREAKOUT,UNCLASSIFIED,,,0,0,0,0,0,0
2025-04-03,SPY,CLEAN_BREAKDOWN,LIQUIDITY_VACUUM_CONTINUATION,CONTINUATION_ACCEPTANCE,LIQUIDITY_VACUUM,0,1,1,0,0,0
2025-04-04,SPY,CLEAN_BREAKDOWN,LIQUIDITY_VACUUM_CONTINUATION,CONTINUATION_ACCEPTANCE,LIQUIDITY_VACUUM,0,1,1,0,0,0
2025-04-07,SPY,CLEAN_BREAKDOWN,SQUEEZE_THEN_FILL,LATE_FILL_ACCEPTANCE,SQUEEZE_AWAY_FIRST,0,0,0,1,0,0
2025-04-08,SPY,FAILED_BREAKOUT,UNCLASSIFIED,,,0,0,0,0,0,0
2025-04-09,SPY,CLEAN_BREAKOUT,UNCLASSIFIED,,,0,0,0,0,0,0
2025-04-10,SPY,UNCLASSIFIED,LIQUIDITY_VACUUM_CONTINUATION,CONTINUATION_ACCEPTANCE,LIQUIDITY_VACUUM,0,1,1,0,0,0
2025-04-11,SPY,UNCLASSIFIED,SQUEEZE_THEN_FILL,LATE_FILL_ACCEPTANCE,SQUEEZE_AWAY_FIRST,0,0,0,1,0,0
2025-04-14,SPY,UNCLASSIFIED,UNCLASSIFIED,,,0,0,0,0,0,0
2025-04-15,SPY,RANGE_COMPRESSION,SQUEEZE_THEN_FILL,LATE_FILL_ACCEPTANCE,SQUEEZE_AWAY_FIRST,0,0,0,1,0,0
2025-04-16,SPY,UNCLASSIFIED,SQUEEZE_THEN_FILL,LATE_FILL_ACCEPTANCE,SQUEEZE_AWAY_FIRST,0,0,0,1,0,0
2025-04-17,SPY,RANGE_COMPRESSION,SQUEEZE_THEN_FILL,LATE_FILL_ACCEPTANCE,SQUEEZE_AWAY_FIRST,0,0,0,1,0,0
2025-04-21,SPY,UNCLASSIFIED,LIQUIDITY_VACUUM_CONTINUATION,CONTINUATION_ACCEPTANCE,LIQUIDITY_VACUUM,0,1,1,0,0,0
2025-04-22,SPY,UNCLASSIFIED,LIQUIDITY_VACUUM_CONTINUATION,CONTINUATION_ACCEPTANCE,LIQUIDITY_VACUUM,0,1,1,0,0,0
2025-04-23,SPY,UNCLASSIFIED,UNCLASSIFIED,,,0,0,0,0,0,0
2025-04-24,SPY,UNCLASSIFIED,PARTIAL_FILL_REJECT,REJECTED_BEFORE_FILL,FAILED_REVERSION,1,0,0,0,0,0
2025-04-25,SPY,UNCLASSIFIED,SQUEEZE_THEN_FILL,LATE_FILL_ACCEPTANCE,SQUEEZE_AWAY_FIRST,0,0,0,1,0,0
2025-04-28,SPY,UNCLASSIFIED,SQUEEZE_THEN_FILL,LATE_FILL_ACCEPTANCE,SQUEEZE_AWAY_FIRST,0,0,0,1,0,0
2025-04-29,SPY,UNCLASSIFIED,DIRECT_FILL,FAST_ACCEPTANCE,IMMEDIATE_REVERSION,0,0,0,0,0,1
2025-04-30,SPY,UNCLASSIFIED,SQUEEZE_THEN_FILL,LATE_FILL_ACCEPTANCE,SQUEEZE_AWAY_FIRST,0,0,0,1,0,0
2025-05-01,SPY,UNCLASSIFIED,UNCLASSIFIED,,,0,0,0,0,0,0
2025-05-02,SPY,UNCLASSIFIED,FAILED_FILL_CONTINUATION,CONTINUATION_ACCEPTANCE,TREND_CONTINUATION,0,1,1,0,0,0
2025-05-05,SPY,UNCLASSIFIED,PARTIAL_FILL_REJECT,REJECTED_BEFORE_FILL,FAILED_REVERSION,1,0,0,0,0,0
2025-05-06,SPY,UNCLASSIFIED,PARTIAL_FILL_REJECT,REJECTED_BEFORE_FILL,FAILED_REVERSION,1,0,0,0,0,0
2025-05-07,SPY,UNCLASSIFIED,SQUEEZE_THEN_FILL,LATE_FILL_ACCEPTANCE,SQUEEZE_AWAY_FIRST,0,0,0,1,0,0
2025-05-08,SPY,UNCLASSIFIED,PARTIAL_FILL_REJECT,REJECTED_BEFORE_FILL,FAILED_REVERSION,1,0,0,0,0,0
2025-05-09,SPY,RANGE_COMPRESSION,SQUEEZE_THEN_FILL,LATE_FILL_ACCEPTANCE,SQUEEZE_AWAY_FIRST,0,0,0,1,0,0
2025-05-12,SPY,CLEAN_BREAKOUT,FAILED_FILL_CONTINUATION,CONTINUATION_ACCEPTANCE,TREND_CONTINUATION,0,1,1,0,0,0
2025-05-13,SPY,UNCLASSIFIED,SQUEEZE_THEN_FILL,LATE_FILL_ACCEPTANCE,SQUEEZE_AWAY_FIRST,0,0,0,1,0,0
2025-05-14,SPY,RANGE_COMPRESSION,DIRECT_FILL,FAST_ACCEPTANCE,IMMEDIATE_REVERSION,0,0,0,0,0,1
2025-05-15,SPY,UNCLASSIFIED,ROTATIONAL_BALANCE_THEN_FILL,BALANCE_TO_ACCEPTANCE,ROTATIONAL_AUCTION,0,0,0,0,1,0
2025-05-16,SPY,UNCLASSIFIED,SQUEEZE_THEN_FILL,LATE_FILL_ACCEPTANCE,SQUEEZE_AWAY_FIRST,0,0,0,1,0,0
2025-05-19,SPY,UNCLASSIFIED,ROTATIONAL_BALANCE_THEN_FILL,BALANCE_TO_ACCEPTANCE,ROTATIONAL_AUCTION,0,0,0,0,1,0
2025-05-20,SPY,RANGE_COMPRESSION,PARTIAL_FILL_REJECT,REJECTED_BEFORE_FILL,FAILED_REVERSION,1,0,0,0,0,0
2025-05-21,SPY,CLEAN_BREAKDOWN,PARTIAL_FILL_REJECT,REJECTED_BEFORE_FILL,FAILED_REVERSION,1,0,0,0,0,0
2025-05-22,SPY,UNCLASSIFIED,DIRECT_FILL,FAST_ACCEPTANCE,IMMEDIATE_REVERSION,0,0,0,0,0,1
2025-05-23,SPY,CLEAN_BREAKDOWN,PARTIAL_FILL_REJECT,REJECTED_BEFORE_FILL,FAILED_REVERSION,1,0,0,0,0,0
2025-05-27,SPY,CLEAN_BREAKOUT,SQUEEZE_THEN_FILL,LATE_FILL_ACCEPTANCE,SQUEEZE_AWAY_FIRST,0,0,0,1,0,0
2025-05-28,SPY,UNCLASSIFIED,DIRECT_FILL,FAST_ACCEPTANCE,IMMEDIATE_REVERSION,0,0,0,0,0,1
2025-05-29,SPY,UNCLASSIFIED,ROTATIONAL_BALANCE_THEN_FILL,BALANCE_TO_ACCEPTANCE,ROTATIONAL_AUCTION,0,0,0,0,1,0
2025-05-30,SPY,UNCLASSIFIED,SQUEEZE_THEN_FILL,LATE_FILL_ACCEPTANCE,SQUEEZE_AWAY_FIRST,0,0,0,1,0,0
2025-06-02,SPY,CLEAN_BREAKOUT,SQUEEZE_THEN_FILL,LATE_FILL_ACCEPTANCE,SQUEEZE_AWAY_FIRST,0,0,0,1,0,0
2025-06-03,SPY,UNCLASSIFIED,DIRECT_FILL,FAST_ACCEPTANCE,IMMEDIATE_REVERSION,0,0,0,0,0,1
2025-06-04,SPY,UNCLASSIFIED,SQUEEZE_THEN_FILL,LATE_FILL_ACCEPTANCE,SQUEEZE_AWAY_FIRST,0,0,0,1,0,0
2025-06-05,SPY,CLEAN_BREAKDOWN,DIRECT_FILL,FAST_ACCEPTANCE,IMMEDIATE_REVERSION,0,0,0,0,0,1
2025-06-06,SPY,CLEAN_BREAKOUT,FAILED_FILL_CONTINUATION,CONTINUATION_ACCEPTANCE,TREND_CONTINUATION,0,1,1,0,0,0
2025-06-09,SPY,UNCLASSIFIED,SQUEEZE_THEN_FILL,LATE_FILL_ACCEPTANCE,SQUEEZE_AWAY_FIRST,0,0,0,1,0,0
2025-06-10,SPY,UNCLASSIFIED,SQUEEZE_THEN_FILL,LATE_FILL_ACCEPTANCE,SQUEEZE_AWAY_FIRST,0,0,0,1,0,0
2025-06-11,SPY,UNCLASSIFIED,DIRECT_FILL,FAST_ACCEPTANCE,IMMEDIATE_REVERSION,0,0,0,0,0,1
2025-06-12,SPY,RANGE_COMPRESSION,DIRECT_FILL,FAST_ACCEPTANCE,IMMEDIATE_REVERSION,0,0,0,0,0,1
2025-06-13,SPY,CLEAN_BREAKDOWN,PARTIAL_FILL_REJECT,REJECTED_BEFORE_FILL,FAILED_REVERSION,1,0,0,0,0,0
2025-06-16,SPY,CLEAN_BREAKOUT,FAILED_FILL_CONTINUATION,CONTINUATION_ACCEPTANCE,TREND_CONTINUATION,0,1,1,0,0,0
2025-06-17,SPY,UNCLASSIFIED,PARTIAL_FILL_REJECT,REJECTED_BEFORE_FILL,FAILED_REVERSION,1,0,0,0,0,0
2025-06-18,SPY,UNCLASSIFIED,SQUEEZE_THEN_FILL,LATE_FILL_ACCEPTANCE,SQUEEZE_AWAY_FIRST,0,0,0,1,0,0
2025-06-20,SPY,CLEAN_BREAKDOWN,DIRECT_FILL,FAST_ACCEPTANCE,IMMEDIATE_REVERSION,0,0,0,0,0,1
2025-06-23,SPY,FAILED_BREAKDOWN,SQUEEZE_THEN_FILL,LATE_FILL_ACCEPTANCE,SQUEEZE_AWAY_FIRST,0,0,0,1,0,0
2025-06-24,SPY,CLEAN_BREAKOUT,FAILED_FILL_CONTINUATION,CONTINUATION_ACCEPTANCE,TREND_CONTINUATION,0,1,1,0,0,0
2025-06-25,SPY,UNCLASSIFIED,SQUEEZE_THEN_FILL,LATE_FILL_ACCEPTANCE,SQUEEZE_AWAY_FIRST,0,0,0,1,0,0
2025-06-26,SPY,UNCLASSIFIED,FAILED_FILL_CONTINUATION,CONTINUATION_ACCEPTANCE,TREND_CONTINUATION,0,1,1,0,0,0
2025-06-27,SPY,UNCLASSIFIED,SQUEEZE_THEN_FILL,LATE_FILL_ACCEPTANCE,SQUEEZE_AWAY_FIRST,0,0,0,1,0,0
2025-06-30,SPY,UNCLASSIFIED,PARTIAL_FILL_REJECT,REJECTED_BEFORE_FILL,FAILED_REVERSION,1,0,0,0,0,0
2025-07-01,SPY,RANGE_COMPRESSION,SQUEEZE_THEN_FILL,LATE_FILL_ACCEPTANCE,SQUEEZE_AWAY_FIRST,0,0,0,1,0,0
2025-07-02,SPY,UNCLASSIFIED,DIRECT_FILL,FAST_ACCEPTANCE,IMMEDIATE_REVERSION,0,0,0,0,0,1
2025-07-03,SPY,CLEAN_BREAKOUT,FAILED_FILL_CONTINUATION,CONTINUATION_ACCEPTANCE,TREND_CONTINUATION,0,1,1,0,0,0
2025-07-07,SPY,CLEAN_BREAKDOWN,FAILED_FILL_CONTINUATION,CONTINUATION_ACCEPTANCE,TREND_CONTINUATION,0,1,1,0,0,0
2025-07-08,SPY,RANGE_COMPRESSION,DIRECT_FILL,FAST_ACCEPTANCE,IMMEDIATE_REVERSION,0,0,0,0,0,1
2025-07-09,SPY,UNCLASSIFIED,PARTIAL_FILL_REJECT,REJECTED_BEFORE_FILL,FAILED_REVERSION,1,0,0,0,0,0
2025-07-10,SPY,UNCLASSIFIED,SQUEEZE_THEN_FILL,LATE_FILL_ACCEPTANCE,SQUEEZE_AWAY_FIRST,0,0,0,1,0,0
2025-07-11,SPY,UNCLASSIFIED,PARTIAL_FILL_REJECT,REJECTED_BEFORE_FILL,FAILED_REVERSION,1,0,0,0,0,0
2025-07-14,SPY,UNCLASSIFIED,DIRECT_FILL,FAST_ACCEPTANCE,IMMEDIATE_REVERSION,0,0,0,0,0,1
2025-07-15,SPY,FAILED_BREAKOUT,ROTATIONAL_BALANCE_THEN_FILL,BALANCE_TO_ACCEPTANCE,ROTATIONAL_AUCTION,0,0,0,0,1,0
2025-07-16,SPY,FAILED_BREAKDOWN,SQUEEZE_THEN_FILL,LATE_FILL_ACCEPTANCE,SQUEEZE_AWAY_FIRST,0,0,0,1,0,0
2025-07-17,SPY,UNCLASSIFIED,SQUEEZE_THEN_FILL,LATE_FILL_ACCEPTANCE,SQUEEZE_AWAY_FIRST,0,0,0,1,0,0
2025-07-18,SPY,UNCLASSIFIED,ROTATIONAL_BALANCE_THEN_FILL,BALANCE_TO_ACCEPTANCE,ROTATIONAL_AUCTION,0,0,0,0,1,0
2025-07-21,SPY,UNCLASSIFIED,UNCLASSIFIED,,,0,0,0,0,0,0
2025-07-22,SPY,UNCLASSIFIED,DIRECT_FILL,FAST_ACCEPTANCE,IMMEDIATE_REVERSION,0,0,0,0,0,1
2025-07-23,SPY,CLEAN_BREAKOUT,PARTIAL_FILL_REJECT,REJECTED_BEFORE_FILL,FAILED_REVERSION,1,0,0,0,0,0
2025-07-24,SPY,UNCLASSIFIED,DIRECT_FILL,FAST_ACCEPTANCE,IMMEDIATE_REVERSION,0,0,0,0,0,1
2025-07-25,SPY,UNCLASSIFIED,FAILED_FILL_CONTINUATION,CONTINUATION_ACCEPTANCE,TREND_CONTINUATION,0,1,1,0,0,0
2025-07-28,SPY,UNCLASSIFIED,DIRECT_FILL,FAST_ACCEPTANCE,IMMEDIATE_REVERSION,0,0,0,0,0,1
2025-07-29,SPY,CLEAN_BREAKDOWN,ROTATIONAL_BALANCE_THEN_FILL,BALANCE_TO_ACCEPTANCE,ROTATIONAL_AUCTION,0,0,0,0,1,0
2025-07-30,SPY,FAILED_BREAKDOWN,SQUEEZE_THEN_FILL,LATE_FILL_ACCEPTANCE,SQUEEZE_AWAY_FIRST,0,0,0,1,0,0
2025-07-31,SPY,FAILED_BREAKDOWN,UNCLASSIFIED,,,0,0,0,0,0,0
2025-08-01,SPY,CLEAN_BREAKDOWN,FAILED_FILL_CONTINUATION,CONTINUATION_ACCEPTANCE,TREND_CONTINUATION,0,1,1,0,0,0
2025-08-04,SPY,CLEAN_BREAKOUT,FAILED_FILL_CONTINUATION,CONTINUATION_ACCEPTANCE,TREND_CONTINUATION,0,1,1,0,0,0
2025-08-05,SPY,UNCLASSIFIED,SQUEEZE_THEN_FILL,LATE_FILL_ACCEPTANCE,SQUEEZE_AWAY_FIRST,0,0,0,1,0,0
2025-08-06,SPY,CLEAN_BREAKOUT,PARTIAL_FILL_REJECT,REJECTED_BEFORE_FILL,FAILED_REVERSION,1,0,0,0,0,0
2025-08-07,SPY,FAILED_BREAKOUT,UNCLASSIFIED,,,0,0,0,0,0,0
2025-08-08,SPY,UNCLASSIFIED,FAILED_FILL_CONTINUATION,CONTINUATION_ACCEPTANCE,TREND_CONTINUATION,0,1,1,0,0,0
2025-08-11,SPY,UNCLASSIFIED,DIRECT_FILL,FAST_ACCEPTANCE,IMMEDIATE_REVERSION,0,0,0,0,0,1
2025-08-12,SPY,CLEAN_BREAKOUT,PARTIAL_FILL_REJECT,REJECTED_BEFORE_FILL,FAILED_REVERSION,1,0,0,0,0,0
2025-08-13,SPY,UNCLASSIFIED,SQUEEZE_THEN_FILL,LATE_FILL_ACCEPTANCE,SQUEEZE_AWAY_FIRST,0,0,0,1,0,0
2025-08-14,SPY,UNCLASSIFIED,ROTATIONAL_BALANCE_THEN_FILL,BALANCE_TO_ACCEPTANCE,ROTATIONAL_AUCTION,0,0,0,0,1,0
2025-08-15,SPY,UNCLASSIFIED,DIRECT_FILL,FAST_ACCEPTANCE,IMMEDIATE_REVERSION,0,0,0,0,0,1
2025-08-18,SPY,UNCLASSIFIED,DIRECT_FILL,FAST_ACCEPTANCE,IMMEDIATE_REVERSION,0,0,0,0,0,1
2025-08-19,SPY,UNCLASSIFIED,SQUEEZE_THEN_FILL,LATE_FILL_ACCEPTANCE,SQUEEZE_AWAY_FIRST,0,0,0,1,0,0
2025-08-20,SPY,CLEAN_BREAKDOWN,PARTIAL_FILL_REJECT,REJECTED_BEFORE_FILL,FAILED_REVERSION,1,0,0,0,0,0
2025-08-21,SPY,UNCLASSIFIED,PARTIAL_FILL_REJECT,REJECTED_BEFORE_FILL,FAILED_REVERSION,1,0,0,0,0,0
2025-08-22,SPY,CLEAN_BREAKOUT,LIQUIDITY_VACUUM_CONTINUATION,CONTINUATION_ACCEPTANCE,LIQUIDITY_VACUUM,0,1,1,0,0,0
2025-08-25,SPY,RANGE_COMPRESSION,PARTIAL_FILL_REJECT,REJECTED_BEFORE_FILL,FAILED_REVERSION,1,0,0,0,0,0
2025-08-26,SPY,UNCLASSIFIED,DIRECT_FILL,FAST_ACCEPTANCE,IMMEDIATE_REVERSION,0,0,0,0,0,1
2025-08-27,SPY,UNCLASSIFIED,DIRECT_FILL,FAST_ACCEPTANCE,IMMEDIATE_REVERSION,0,0,0,0,0,1
2025-08-28,SPY,UNCLASSIFIED,SQUEEZE_THEN_FILL,LATE_FILL_ACCEPTANCE,SQUEEZE_AWAY_FIRST,0,0,0,1,0,0
2025-08-29,SPY,CLEAN_BREAKDOWN,FAILED_FILL_CONTINUATION,CONTINUATION_ACCEPTANCE,TREND_CONTINUATION,0,1,1,0,0,0
2025-09-02,SPY,CLEAN_BREAKDOWN,UNCLASSIFIED,,,0,0,0,0,0,0
2025-09-03,SPY,UNCLASSIFIED,PARTIAL_FILL_REJECT,REJECTED_BEFORE_FILL,FAILED_REVERSION,1,0,0,0,0,0
2025-09-04,SPY,CLEAN_BREAKOUT,SQUEEZE_THEN_FILL,LATE_FILL_ACCEPTANCE,SQUEEZE_AWAY_FIRST,0,0,0,1,0,0
2025-09-05,SPY,FAILED_BREAKDOWN,UNCLASSIFIED,,,0,0,0,0,0,0
2025-09-08,SPY,RANGE_COMPRESSION,SQUEEZE_THEN_FILL,LATE_FILL_ACCEPTANCE,SQUEEZE_AWAY_FIRST,0,0,0,1,0,0
2025-09-09,SPY,UNCLASSIFIED,SQUEEZE_THEN_FILL,LATE_FILL_ACCEPTANCE,SQUEEZE_AWAY_FIRST,0,0,0,1,0,0
2025-09-10,SPY,UNCLASSIFIED,PARTIAL_FILL_REJECT,REJECTED_BEFORE_FILL,FAILED_REVERSION,1,0,0,0,0,0
2025-09-11,SPY,CLEAN_BREAKOUT,FAILED_FILL_CONTINUATION,CONTINUATION_ACCEPTANCE,TREND_CONTINUATION,0,1,1,0,0,0
2025-09-12,SPY,UNCLASSIFIED,DIRECT_FILL,FAST_ACCEPTANCE,IMMEDIATE_REVERSION,0,0,0,0,0,1
2025-09-15,SPY,UNCLASSIFIED,FAILED_FILL_CONTINUATION,CONTINUATION_ACCEPTANCE,TREND_CONTINUATION,0,1,1,0,0,0
2025-09-16,SPY,UNCLASSIFIED,DIRECT_FILL,FAST_ACCEPTANCE,IMMEDIATE_REVERSION,0,0,0,0,0,1
2025-09-17,SPY,CLEAN_BREAKDOWN,SQUEEZE_THEN_FILL,LATE_FILL_ACCEPTANCE,SQUEEZE_AWAY_FIRST,0,0,0,1,0,0
2025-09-18,SPY,CLEAN_BREAKOUT,PARTIAL_FILL_REJECT,REJECTED_BEFORE_FILL,FAILED_REVERSION,1,0,0,0,0,0
2025-09-19,SPY,UNCLASSIFIED,SQUEEZE_THEN_FILL,LATE_FILL_ACCEPTANCE,SQUEEZE_AWAY_FIRST,0,0,0,1,0,0
2025-09-22,SPY,CLEAN_BREAKOUT,DIRECT_FILL,FAST_ACCEPTANCE,IMMEDIATE_REVERSION,0,0,0,0,0,1
2025-09-23,SPY,UNCLASSIFIED,SQUEEZE_THEN_FILL,LATE_FILL_ACCEPTANCE,SQUEEZE_AWAY_FIRST,0,0,0,1,0,0
2025-09-24,SPY,CLEAN_BREAKDOWN,DIRECT_FILL,FAST_ACCEPTANCE,IMMEDIATE_REVERSION,0,0,0,0,0,1
2025-09-25,SPY,CLEAN_BREAKDOWN,UNCLASSIFIED,,,0,0,0,0,0,0
2025-09-26,SPY,UNCLASSIFIED,SQUEEZE_THEN_FILL,LATE_FILL_ACCEPTANCE,SQUEEZE_AWAY_FIRST,0,0,0,1,0,0
2025-09-29,SPY,UNCLASSIFIED,PARTIAL_FILL_REJECT,REJECTED_BEFORE_FILL,FAILED_REVERSION,1,0,0,0,0,0
2025-09-30,SPY,CLEAN_BREAKOUT,SQUEEZE_THEN_FILL,LATE_FILL_ACCEPTANCE,SQUEEZE_AWAY_FIRST,0,0,0,1,0,0
2025-10-01,SPY,CLEAN_BREAKOUT,ROTATIONAL_BALANCE_THEN_FILL,BALANCE_TO_ACCEPTANCE,ROTATIONAL_AUCTION,0,0,0,0,1,0
2025-10-02,SPY,UNCLASSIFIED,ROTATIONAL_BALANCE_THEN_FILL,BALANCE_TO_ACCEPTANCE,ROTATIONAL_AUCTION,0,0,0,0,1,0
2025-10-03,SPY,UNCLASSIFIED,SQUEEZE_THEN_FILL,LATE_FILL_ACCEPTANCE,SQUEEZE_AWAY_FIRST,0,0,0,1,0,0
2025-10-06,SPY,RANGE_COMPRESSION,PARTIAL_FILL_REJECT,REJECTED_BEFORE_FILL,FAILED_REVERSION,1,0,0,0,0,0
2025-10-07,SPY,CLEAN_BREAKDOWN,SQUEEZE_THEN_FILL,LATE_FILL_ACCEPTANCE,SQUEEZE_AWAY_FIRST,0,0,0,1,0,0
2025-10-08,SPY,UNCLASSIFIED,PARTIAL_FILL_REJECT,REJECTED_BEFORE_FILL,FAILED_REVERSION,1,0,0,0,0,0
2025-10-09,SPY,UNCLASSIFIED,DIRECT_FILL,FAST_ACCEPTANCE,IMMEDIATE_REVERSION,0,0,0,0,0,1
2025-10-10,SPY,FAILED_BREAKOUT,SQUEEZE_THEN_FILL,LATE_FILL_ACCEPTANCE,SQUEEZE_AWAY_FIRST,0,0,0,1,0,0
2025-10-13,SPY,UNCLASSIFIED,FAILED_FILL_CONTINUATION,CONTINUATION_ACCEPTANCE,TREND_CONTINUATION,0,1,1,0,0,0
2025-10-14,SPY,FAILED_BREAKDOWN,SQUEEZE_THEN_FILL,LATE_FILL_ACCEPTANCE,SQUEEZE_AWAY_FIRST,0,0,0,1,0,0
2025-10-15,SPY,FAILED_BREAKOUT,SQUEEZE_THEN_FILL,LATE_FILL_ACCEPTANCE,SQUEEZE_AWAY_FIRST,0,0,0,1,0,0
2025-10-16,SPY,FAILED_BREAKDOWN,SQUEEZE_THEN_FILL,LATE_FILL_ACCEPTANCE,SQUEEZE_AWAY_FIRST,0,0,0,1,0,0
2025-10-17,SPY,UNCLASSIFIED,DIRECT_FILL,FAST_ACCEPTANCE,IMMEDIATE_REVERSION,0,0,0,0,0,1
2025-10-20,SPY,UNCLASSIFIED,FAILED_FILL_CONTINUATION,CONTINUATION_ACCEPTANCE,TREND_CONTINUATION,0,1,1,0,0,0
2025-10-21,SPY,UNCLASSIFIED,DIRECT_FILL,FAST_ACCEPTANCE,IMMEDIATE_REVERSION,0,0,0,0,0,1
2025-10-22,SPY,CLEAN_BREAKDOWN,DIRECT_FILL,FAST_ACCEPTANCE,IMMEDIATE_REVERSION,0,0,0,0,0,1
2025-10-23,SPY,UNCLASSIFIED,SQUEEZE_THEN_FILL,LATE_FILL_ACCEPTANCE,SQUEEZE_AWAY_FIRST,0,0,0,1,0,0
2025-10-24,SPY,UNCLASSIFIED,FAILED_FILL_CONTINUATION,CONTINUATION_ACCEPTANCE,TREND_CONTINUATION,0,1,1,0,0,0
2025-10-27,SPY,UNCLASSIFIED,FAILED_FILL_CONTINUATION,CONTINUATION_ACCEPTANCE,TREND_CONTINUATION,0,1,1,0,0,0
2025-10-28,SPY,UNCLASSIFIED,SQUEEZE_THEN_FILL,LATE_FILL_ACCEPTANCE,SQUEEZE_AWAY_FIRST,0,0,0,1,0,0
2025-10-29,SPY,UNCLASSIFIED,SQUEEZE_THEN_FILL,LATE_FILL_ACCEPTANCE,SQUEEZE_AWAY_FIRST,0,0,0,1,0,0
2025-10-30,SPY,UNCLASSIFIED,PARTIAL_FILL_REJECT,REJECTED_BEFORE_FILL,FAILED_REVERSION,1,0,0,0,0,0
2025-10-31,SPY,UNCLASSIFIED,ROTATIONAL_BALANCE_THEN_FILL,BALANCE_TO_ACCEPTANCE,ROTATIONAL_AUCTION,0,0,0,0,1,0
2025-11-03,SPY,UNCLASSIFIED,ROTATIONAL_BALANCE_THEN_FILL,BALANCE_TO_ACCEPTANCE,ROTATIONAL_AUCTION,0,0,0,0,1,0
2025-11-04,SPY,CLEAN_BREAKDOWN,PARTIAL_FILL_REJECT,REJECTED_BEFORE_FILL,FAILED_REVERSION,1,0,0,0,0,0
2025-11-05,SPY,UNCLASSIFIED,DIRECT_FILL,FAST_ACCEPTANCE,IMMEDIATE_REVERSION,0,0,0,0,0,1
2025-11-06,SPY,CLEAN_BREAKDOWN,PARTIAL_FILL_REJECT,REJECTED_BEFORE_FILL,FAILED_REVERSION,1,0,0,0,0,0
2025-11-07,SPY,FAILED_BREAKDOWN,SQUEEZE_THEN_FILL,LATE_FILL_ACCEPTANCE,SQUEEZE_AWAY_FIRST,0,0,0,1,0,0
2025-11-10,SPY,CLEAN_BREAKOUT,FAILED_FILL_CONTINUATION,CONTINUATION_ACCEPTANCE,TREND_CONTINUATION,0,1,1,0,0,0
2025-11-11,SPY,UNCLASSIFIED,SQUEEZE_THEN_FILL,LATE_FILL_ACCEPTANCE,SQUEEZE_AWAY_FIRST,0,0,0,1,0,0
2025-11-12,SPY,UNCLASSIFIED,ROTATIONAL_BALANCE_THEN_FILL,BALANCE_TO_ACCEPTANCE,ROTATIONAL_AUCTION,0,0,0,0,1,0
2025-11-13,SPY,CLEAN_BREAKDOWN,LIQUIDITY_VACUUM_CONTINUATION,CONTINUATION_ACCEPTANCE,LIQUIDITY_VACUUM,0,1,1,0,0,0
2025-11-14,SPY,FAILED_BREAKDOWN,UNCLASSIFIED,,,0,0,0,0,0,0
2025-11-17,SPY,FAILED_BREAKDOWN,SQUEEZE_THEN_FILL,LATE_FILL_ACCEPTANCE,SQUEEZE_AWAY_FIRST,0,0,0,1,0,0
2025-11-18,SPY,CLEAN_BREAKDOWN,PARTIAL_FILL_REJECT,REJECTED_BEFORE_FILL,FAILED_REVERSION,1,0,0,0,0,0
2025-11-19,SPY,UNCLASSIFIED,SQUEEZE_THEN_FILL,LATE_FILL_ACCEPTANCE,SQUEEZE_AWAY_FIRST,0,0,0,1,0,0
2025-11-20,SPY,FAILED_BREAKOUT,UNCLASSIFIED,,,0,0,0,0,0,0
2025-11-21,SPY,FAILED_BREAKDOWN,SQUEEZE_THEN_FILL,LATE_FILL_ACCEPTANCE,SQUEEZE_AWAY_FIRST,0,0,0,1,0,0
2025-11-24,SPY,CLEAN_BREAKOUT,LIQUIDITY_VACUUM_CONTINUATION,CONTINUATION_ACCEPTANCE,LIQUIDITY_VACUUM,0,1,1,0,0,0
2025-11-25,SPY,CLEAN_BREAKOUT,SQUEEZE_THEN_FILL,LATE_FILL_ACCEPTANCE,SQUEEZE_AWAY_FIRST,0,0,0,1,0,0
2025-11-26,SPY,UNCLASSIFIED,FAILED_FILL_CONTINUATION,CONTINUATION_ACCEPTANCE,TREND_CONTINUATION,0,1,1,0,0,0
2025-11-28,SPY,UNCLASSIFIED,FAILED_FILL_CONTINUATION,CONTINUATION_ACCEPTANCE,TREND_CONTINUATION,0,1,1,0,0,0
2025-12-01,SPY,UNCLASSIFIED,PARTIAL_FILL_REJECT,REJECTED_BEFORE_FILL,FAILED_REVERSION,1,0,0,0,0,0
2025-12-02,SPY,UNCLASSIFIED,SQUEEZE_THEN_FILL,LATE_FILL_ACCEPTANCE,SQUEEZE_AWAY_FIRST,0,0,0,1,0,0
2025-12-03,SPY,UNCLASSIFIED,DIRECT_FILL,FAST_ACCEPTANCE,IMMEDIATE_REVERSION,0,0,0,0,0,1
2025-12-04,SPY,UNCLASSIFIED,ROTATIONAL_BALANCE_THEN_FILL,BALANCE_TO_ACCEPTANCE,ROTATIONAL_AUCTION,0,0,0,0,1,0
2025-12-05,SPY,UNCLASSIFIED,PARTIAL_FILL_REJECT,REJECTED_BEFORE_FILL,FAILED_REVERSION,1,0,0,0,0,0
2025-12-08,SPY,UNCLASSIFIED,ROTATIONAL_BALANCE_THEN_FILL,BALANCE_TO_ACCEPTANCE,ROTATIONAL_AUCTION,0,0,0,0,1,0
2025-12-09,SPY,RANGE_COMPRESSION,DIRECT_FILL,FAST_ACCEPTANCE,IMMEDIATE_REVERSION,0,0,0,0,0,1
2025-12-10,SPY,UNCLASSIFIED,DIRECT_FILL,FAST_ACCEPTANCE,IMMEDIATE_REVERSION,0,0,0,0,0,1
2025-12-11,SPY,CLEAN_BREAKOUT,SQUEEZE_THEN_FILL,LATE_FILL_ACCEPTANCE,SQUEEZE_AWAY_FIRST,0,0,0,1,0,0
2025-12-12,SPY,CLEAN_BREAKDOWN,PARTIAL_FILL_REJECT,REJECTED_BEFORE_FILL,FAILED_REVERSION,1,0,0,0,0,0
2025-12-15,SPY,UNCLASSIFIED,ROTATIONAL_BALANCE_THEN_FILL,BALANCE_TO_ACCEPTANCE,ROTATIONAL_AUCTION,0,0,0,0,1,0
2025-12-16,SPY,CLEAN_BREAKDOWN,SQUEEZE_THEN_FILL,LATE_FILL_ACCEPTANCE,SQUEEZE_AWAY_FIRST,0,0,0,1,0,0
2025-12-17,SPY,CLEAN_BREAKDOWN,SQUEEZE_THEN_FILL,LATE_FILL_ACCEPTANCE,SQUEEZE_AWAY_FIRST,0,0,0,1,0,0
2025-12-18,SPY,FAILED_BREAKOUT,UNCLASSIFIED,,,0,0,0,0,0,0
2025-12-19,SPY,UNCLASSIFIED,SQUEEZE_THEN_FILL,LATE_FILL_ACCEPTANCE,SQUEEZE_AWAY_FIRST,0,0,0,1,0,0
2025-12-22,SPY,UNCLASSIFIED,SQUEEZE_THEN_FILL,LATE_FILL_ACCEPTANCE,SQUEEZE_AWAY_FIRST,0,0,0,1,0,0
2025-12-23,SPY,UNCLASSIFIED,ROTATIONAL_BALANCE_THEN_FILL,BALANCE_TO_ACCEPTANCE,ROTATIONAL_AUCTION,0,0,0,0,1,0
2025-12-24,SPY,UNCLASSIFIED,DIRECT_FILL,FAST_ACCEPTANCE,IMMEDIATE_REVERSION,0,0,0,0,0,1
2025-12-26,SPY,UNCLASSIFIED,DIRECT_FILL,FAST_ACCEPTANCE,IMMEDIATE_REVERSION,0,0,0,0,0,1
2025-12-29,SPY,UNCLASSIFIED,PARTIAL_FILL_REJECT,REJECTED_BEFORE_FILL,FAILED_REVERSION,1,0,0,0,0,0
2025-12-30,SPY,RANGE_COMPRESSION,DIRECT_FILL,FAST_ACCEPTANCE,IMMEDIATE_REVERSION,0,0,0,0,0,1
2025-12-31,SPY,UNCLASSIFIED,DIRECT_FILL,FAST_ACCEPTANCE,IMMEDIATE_REVERSION,0,0,0,0,0,1
2026-01-02,SPY,UNCLASSIFIED,ROTATIONAL_BALANCE_THEN_FILL,BALANCE_TO_ACCEPTANCE,ROTATIONAL_AUCTION,0,0,0,0,1,0
2026-01-05,SPY,CLEAN_BREAKOUT,FAILED_FILL_CONTINUATION,CONTINUATION_ACCEPTANCE,TREND_CONTINUATION,0,1,1,0,0,0
2026-01-06,SPY,UNCLASSIFIED,PARTIAL_FILL_REJECT,REJECTED_BEFORE_FILL,FAILED_REVERSION,1,0,0,0,0,0
2026-01-07,SPY,UNCLASSIFIED,SQUEEZE_THEN_FILL,LATE_FILL_ACCEPTANCE,SQUEEZE_AWAY_FIRST,0,0,0,1,0,0
2026-01-08,SPY,UNCLASSIFIED,SQUEEZE_THEN_FILL,LATE_FILL_ACCEPTANCE,SQUEEZE_AWAY_FIRST,0,0,0,1,0,0
2026-01-09,SPY,CLEAN_BREAKOUT,SQUEEZE_THEN_FILL,LATE_FILL_ACCEPTANCE,SQUEEZE_AWAY_FIRST,0,0,0,1,0,0
2026-01-12,SPY,UNCLASSIFIED,UNCLASSIFIED,,,0,0,0,0,0,0
2026-01-13,SPY,UNCLASSIFIED,DIRECT_FILL,FAST_ACCEPTANCE,IMMEDIATE_REVERSION,0,0,0,0,0,1
2026-01-14,SPY,CLEAN_BREAKDOWN,FAILED_FILL_CONTINUATION,CONTINUATION_ACCEPTANCE,TREND_CONTINUATION,0,1,1,0,0,0
2026-01-15,SPY,CLEAN_BREAKOUT,PARTIAL_FILL_REJECT,REJECTED_BEFORE_FILL,FAILED_REVERSION,1,0,0,0,0,0
2026-01-16,SPY,UNCLASSIFIED,DIRECT_FILL,FAST_ACCEPTANCE,IMMEDIATE_REVERSION,0,0,0,0,0,1
2026-01-20,SPY,CLEAN_BREAKDOWN,LIQUIDITY_VACUUM_CONTINUATION,CONTINUATION_ACCEPTANCE,LIQUIDITY_VACUUM,0,1,1,0,0,0
2026-01-21,SPY,CLEAN_BREAKOUT,PARTIAL_FILL_REJECT,REJECTED_BEFORE_FILL,FAILED_REVERSION,1,0,0,0,0,0
2026-01-22,SPY,UNCLASSIFIED,PARTIAL_FILL_REJECT,REJECTED_BEFORE_FILL,FAILED_REVERSION,1,0,0,0,0,0
2026-01-23,SPY,RANGE_COMPRESSION,SQUEEZE_THEN_FILL,LATE_FILL_ACCEPTANCE,SQUEEZE_AWAY_FIRST,0,0,0,1,0,0
2026-01-26,SPY,UNCLASSIFIED,FAILED_FILL_CONTINUATION,CONTINUATION_ACCEPTANCE,TREND_CONTINUATION,0,1,1,0,0,0
2026-01-27,SPY,UNCLASSIFIED,FAILED_FILL_CONTINUATION,CONTINUATION_ACCEPTANCE,TREND_CONTINUATION,0,1,1,0,0,0
2026-01-28,SPY,UNCLASSIFIED,SQUEEZE_THEN_FILL,LATE_FILL_ACCEPTANCE,SQUEEZE_AWAY_FIRST,0,0,0,1,0,0
2026-01-29,SPY,FAILED_BREAKDOWN,DIRECT_FILL,FAST_ACCEPTANCE,IMMEDIATE_REVERSION,0,0,0,0,0,1
2026-01-30,SPY,UNCLASSIFIED,SQUEEZE_THEN_FILL,LATE_FILL_ACCEPTANCE,SQUEEZE_AWAY_FIRST,0,0,0,1,0,0
2026-02-02,SPY,CLEAN_BREAKOUT,UNCLASSIFIED,,,0,0,0,0,0,0
2026-02-03,SPY,FAILED_BREAKDOWN,SQUEEZE_THEN_FILL,LATE_FILL_ACCEPTANCE,SQUEEZE_AWAY_FIRST,0,0,0,1,0,0
2026-02-04,SPY,FAILED_BREAKDOWN,SQUEEZE_THEN_FILL,LATE_FILL_ACCEPTANCE,SQUEEZE_AWAY_FIRST,0,0,0,1,0,0
2026-02-05,SPY,CLEAN_BREAKDOWN,PARTIAL_FILL_REJECT,REJECTED_BEFORE_FILL,FAILED_REVERSION,1,0,0,0,0,0
2026-02-05,SPY,CLEAN_BREAKDOWN,PARTIAL_FILL_REJECT,REJECTED_BEFORE_FILL,FAILED_REVERSION,1,0,0,0,0,0
2026-02-06,SPY,CLEAN_BREAKOUT,LIQUIDITY_VACUUM_CONTINUATION,CONTINUATION_ACCEPTANCE,LIQUIDITY_VACUUM,0,1,1,0,0,0
2026-02-06,SPY,CLEAN_BREAKOUT,LIQUIDITY_VACUUM_CONTINUATION,CONTINUATION_ACCEPTANCE,LIQUIDITY_VACUUM,0,1,1,0,0,0
2026-02-06,SPY,CLEAN_BREAKOUT,LIQUIDITY_VACUUM_CONTINUATION,CONTINUATION_ACCEPTANCE,LIQUIDITY_VACUUM,0,1,1,0,0,0
2026-02-06,SPY,CLEAN_BREAKOUT,LIQUIDITY_VACUUM_CONTINUATION,CONTINUATION_ACCEPTANCE,LIQUIDITY_VACUUM,0,1,1,0,0,0
2026-02-06,SPY,CLEAN_BREAKOUT,LIQUIDITY_VACUUM_CONTINUATION,CONTINUATION_ACCEPTANCE,LIQUIDITY_VACUUM,0,1,1,0,0,0
2026-02-06,SPY,CLEAN_BREAKOUT,LIQUIDITY_VACUUM_CONTINUATION,CONTINUATION_ACCEPTANCE,LIQUIDITY_VACUUM,0,1,1,0,0,0
2026-02-06,SPY,CLEAN_BREAKOUT,LIQUIDITY_VACUUM_CONTINUATION,CONTINUATION_ACCEPTANCE,LIQUIDITY_VACUUM,0,1,1,0,0,0
2026-02-06,SPY,CLEAN_BREAKOUT,LIQUIDITY_VACUUM_CONTINUATION,CONTINUATION_ACCEPTANCE,LIQUIDITY_VACUUM,0,1,1,0,0,0
2026-02-06,SPY,CLEAN_BREAKOUT,LIQUIDITY_VACUUM_CONTINUATION,CONTINUATION_ACCEPTANCE,LIQUIDITY_VACUUM,0,1,1,0,0,0
2026-02-06,SPY,CLEAN_BREAKOUT,LIQUIDITY_VACUUM_CONTINUATION,CONTINUATION_ACCEPTANCE,LIQUIDITY_VACUUM,0,1,1,0,0,0
2026-02-09,SPY,UNCLASSIFIED,DIRECT_FILL,FAST_ACCEPTANCE,IMMEDIATE_REVERSION,0,0,0,0,0,1
2026-02-09,SPY,UNCLASSIFIED,DIRECT_FILL,FAST_ACCEPTANCE,IMMEDIATE_REVERSION,0,0,0,0,0,1
2026-02-10,SPY,UNCLASSIFIED,DIRECT_FILL,FAST_ACCEPTANCE,IMMEDIATE_REVERSION,0,0,0,0,0,1
2026-02-10,SPY,UNCLASSIFIED,DIRECT_FILL,FAST_ACCEPTANCE,IMMEDIATE_REVERSION,0,0,0,0,0,1
2026-02-11,SPY,UNCLASSIFIED,ROTATIONAL_BALANCE_THEN_FILL,BALANCE_TO_ACCEPTANCE,ROTATIONAL_AUCTION,0,0,0,0,1,0
2026-02-11,SPY,UNCLASSIFIED,ROTATIONAL_BALANCE_THEN_FILL,BALANCE_TO_ACCEPTANCE,ROTATIONAL_AUCTION,0,0,0,0,1,0
2026-02-11,SPY,UNCLASSIFIED,ROTATIONAL_BALANCE_THEN_FILL,BALANCE_TO_ACCEPTANCE,ROTATIONAL_AUCTION,0,0,0,0,1,0
2026-02-11,SPY,UNCLASSIFIED,ROTATIONAL_BALANCE_THEN_FILL,BALANCE_TO_ACCEPTANCE,ROTATIONAL_AUCTION,0,0,0,0,1,0
2026-02-12,SPY,CLEAN_BREAKDOWN,SQUEEZE_THEN_FILL,LATE_FILL_ACCEPTANCE,SQUEEZE_AWAY_FIRST,0,0,0,1,0,0
2026-02-12,SPY,CLEAN_BREAKDOWN,SQUEEZE_THEN_FILL,LATE_FILL_ACCEPTANCE,SQUEEZE_AWAY_FIRST,0,0,0,1,0,0
2026-02-12,SPY,CLEAN_BREAKDOWN,SQUEEZE_THEN_FILL,LATE_FILL_ACCEPTANCE,SQUEEZE_AWAY_FIRST,0,0,0,1,0,0
2026-02-13,SPY,UNCLASSIFIED,SQUEEZE_THEN_FILL,LATE_FILL_ACCEPTANCE,SQUEEZE_AWAY_FIRST,0,0,0,1,0,0
2026-02-13,SPY,UNCLASSIFIED,SQUEEZE_THEN_FILL,LATE_FILL_ACCEPTANCE,SQUEEZE_AWAY_FIRST,0,0,0,1,0,0
2026-02-13,SPY,UNCLASSIFIED,SQUEEZE_THEN_FILL,LATE_FILL_ACCEPTANCE,SQUEEZE_AWAY_FIRST,0,0,0,1,0,0
2026-02-17,SPY,UNCLASSIFIED,SQUEEZE_THEN_FILL,LATE_FILL_ACCEPTANCE,SQUEEZE_AWAY_FIRST,0,0,0,1,0,0
2026-02-18,SPY,UNCLASSIFIED,SQUEEZE_THEN_FILL,LATE_FILL_ACCEPTANCE,SQUEEZE_AWAY_FIRST,0,0,0,1,0,0
2026-02-18,SPY,UNCLASSIFIED,SQUEEZE_THEN_FILL,LATE_FILL_ACCEPTANCE,SQUEEZE_AWAY_FIRST,0,0,0,1,0,0
2026-02-19,SPY,UNCLASSIFIED,PARTIAL_FILL_REJECT,REJECTED_BEFORE_FILL,FAILED_REVERSION,1,0,0,0,0,0
2026-02-19,SPY,UNCLASSIFIED,PARTIAL_FILL_REJECT,REJECTED_BEFORE_FILL,FAILED_REVERSION,1,0,0,0,0,0
2026-02-20,SPY,UNCLASSIFIED,DIRECT_FILL,FAST_ACCEPTANCE,IMMEDIATE_REVERSION,0,0,0,0,0,1
2026-02-20,SPY,UNCLASSIFIED,DIRECT_FILL,FAST_ACCEPTANCE,IMMEDIATE_REVERSION,0,0,0,0,0,1
2026-02-20,SPY,UNCLASSIFIED,DIRECT_FILL,FAST_ACCEPTANCE,IMMEDIATE_REVERSION,0,0,0,0,0,1
2026-02-20,SPY,UNCLASSIFIED,DIRECT_FILL,FAST_ACCEPTANCE,IMMEDIATE_REVERSION,0,0,0,0,0,1
2026-02-20,SPY,UNCLASSIFIED,DIRECT_FILL,FAST_ACCEPTANCE,IMMEDIATE_REVERSION,0,0,0,0,0,1
2026-02-23,SPY,UNCLASSIFIED,SQUEEZE_THEN_FILL,LATE_FILL_ACCEPTANCE,SQUEEZE_AWAY_FIRST,0,0,0,1,0,0
2026-02-24,SPY,UNCLASSIFIED,SQUEEZE_THEN_FILL,LATE_FILL_ACCEPTANCE,SQUEEZE_AWAY_FIRST,0,0,0,1,0,0
2026-02-24,SPY,UNCLASSIFIED,SQUEEZE_THEN_FILL,LATE_FILL_ACCEPTANCE,SQUEEZE_AWAY_FIRST,0,0,0,1,0,0
2026-02-25,SPY,UNCLASSIFIED,FAILED_FILL_CONTINUATION,CONTINUATION_ACCEPTANCE,TREND_CONTINUATION,0,1,1,0,0,0
2026-02-26,SPY,CLEAN_BREAKDOWN,ROTATIONAL_BALANCE_THEN_FILL,BALANCE_TO_ACCEPTANCE,ROTATIONAL_AUCTION,0,0,0,0,1,0
2026-02-27,SPY,UNCLASSIFIED,PARTIAL_FILL_REJECT,REJECTED_BEFORE_FILL,FAILED_REVERSION,1,0,0,0,0,0
2026-03-02,SPY,FAILED_BREAKDOWN,UNCLASSIFIED,,,0,0,0,0,0,0
2026-03-03,SPY,FAILED_BREAKDOWN,PARTIAL_FILL_REJECT,REJECTED_BEFORE_FILL,FAILED_REVERSION,1,0,0,0,0,0
2026-03-04,SPY,UNCLASSIFIED,SQUEEZE_THEN_FILL,LATE_FILL_ACCEPTANCE,SQUEEZE_AWAY_FIRST,0,0,0,1,0,0
2026-03-05,SPY,UNCLASSIFIED,SQUEEZE_THEN_FILL,LATE_FILL_ACCEPTANCE,SQUEEZE_AWAY_FIRST,0,0,0,1,0,0
2026-03-05,SPY,UNCLASSIFIED,SQUEEZE_THEN_FILL,LATE_FILL_ACCEPTANCE,SQUEEZE_AWAY_FIRST,0,0,0,1,0,0
2026-03-06,SPY,CLEAN_BREAKDOWN,FAILED_FILL_CONTINUATION,CONTINUATION_ACCEPTANCE,TREND_CONTINUATION,0,1,1,0,0,0
2026-03-09,SPY,FAILED_BREAKDOWN,SQUEEZE_THEN_FILL,LATE_FILL_ACCEPTANCE,SQUEEZE_AWAY_FIRST,0,0,0,1,0,0
2026-03-10,SPY,UNCLASSIFIED,SQUEEZE_THEN_FILL,LATE_FILL_ACCEPTANCE,SQUEEZE_AWAY_FIRST,0,0,0,1,0,0
2026-03-11,SPY,UNCLASSIFIED,SQUEEZE_THEN_FILL,LATE_FILL_ACCEPTANCE,SQUEEZE_AWAY_FIRST,0,0,0,1,0,0
2026-03-12,SPY,CLEAN_BREAKDOWN,FAILED_FILL_CONTINUATION,CONTINUATION_ACCEPTANCE,TREND_CONTINUATION,0,1,1,0,0,0
2026-03-13,SPY,CLEAN_BREAKDOWN,SQUEEZE_THEN_FILL,LATE_FILL_ACCEPTANCE,SQUEEZE_AWAY_FIRST,0,0,0,1,0,0
2026-03-16,SPY,UNCLASSIFIED,FAILED_FILL_CONTINUATION,CONTINUATION_ACCEPTANCE,TREND_CONTINUATION,0,1,1,0,0,0
2026-03-17,SPY,UNCLASSIFIED,PARTIAL_FILL_REJECT,REJECTED_BEFORE_FILL,FAILED_REVERSION,1,0,0,0,0,0
2026-03-18,SPY,UNCLASSIFIED,PARTIAL_FILL_REJECT,REJECTED_BEFORE_FILL,FAILED_REVERSION,1,0,0,0,0,0
2026-03-19,SPY,UNCLASSIFIED,SQUEEZE_THEN_FILL,LATE_FILL_ACCEPTANCE,SQUEEZE_AWAY_FIRST,0,0,0,1,0,0
2026-03-20,SPY,CLEAN_BREAKDOWN,LIQUIDITY_VACUUM_CONTINUATION,CONTINUATION_ACCEPTANCE,LIQUIDITY_VACUUM,0,1,1,0,0,0
2026-03-23,SPY,FAILED_BREAKOUT,UNCLASSIFIED,,,0,0,0,0,0,0
2026-03-24,SPY,UNCLASSIFIED,SQUEEZE_THEN_FILL,LATE_FILL_ACCEPTANCE,SQUEEZE_AWAY_FIRST,0,0,0,1,0,0
2026-03-24,SPY,UNCLASSIFIED,SQUEEZE_THEN_FILL,LATE_FILL_ACCEPTANCE,SQUEEZE_AWAY_FIRST,0,0,0,1,0,0
2026-03-25,SPY,UNCLASSIFIED,PARTIAL_FILL_REJECT,REJECTED_BEFORE_FILL,FAILED_REVERSION,1,0,0,0,0,0
2026-03-25,SPY,UNCLASSIFIED,PARTIAL_FILL_REJECT,REJECTED_BEFORE_FILL,FAILED_REVERSION,1,0,0,0,0,0
2026-03-26,SPY,CLEAN_BREAKDOWN,PARTIAL_FILL_REJECT,REJECTED_BEFORE_FILL,FAILED_REVERSION,1,0,0,0,0,0
2026-03-27,SPY,CLEAN_BREAKDOWN,LIQUIDITY_VACUUM_CONTINUATION,CONTINUATION_ACCEPTANCE,LIQUIDITY_VACUUM,0,1,1,0,0,0
2026-03-30,SPY,CLEAN_BREAKDOWN,UNCLASSIFIED,,,0,0,0,0,0,0
2026-03-31,SPY,CLEAN_BREAKOUT,LIQUIDITY_VACUUM_CONTINUATION,CONTINUATION_ACCEPTANCE,LIQUIDITY_VACUUM,0,1,1,0,0,0
2026-04-01,SPY,UNCLASSIFIED,FAILED_FILL_CONTINUATION,CONTINUATION_ACCEPTANCE,TREND_CONTINUATION,0,1,1,0,0,0
2026-04-02,SPY,UNCLASSIFIED,UNCLASSIFIED,,,0,0,0,0,0,0
2026-04-06,SPY,UNCLASSIFIED,SQUEEZE_THEN_FILL,LATE_FILL_ACCEPTANCE,SQUEEZE_AWAY_FIRST,0,0,0,1,0,0
2026-04-07,SPY,UNCLASSIFIED,SQUEEZE_THEN_FILL,LATE_FILL_ACCEPTANCE,SQUEEZE_AWAY_FIRST,0,0,0,1,0,0
2026-04-08,SPY,CLEAN_BREAKOUT,UNCLASSIFIED,,,0,0,0,0,0,0
2026-04-08,SPY,CLEAN_BREAKOUT,UNCLASSIFIED,,,0,0,0,0,0,0
2026-04-09,SPY,UNCLASSIFIED,SQUEEZE_THEN_FILL,LATE_FILL_ACCEPTANCE,SQUEEZE_AWAY_FIRST,0,0,0,1,0,0
2026-04-09,SPY,UNCLASSIFIED,SQUEEZE_THEN_FILL,LATE_FILL_ACCEPTANCE,SQUEEZE_AWAY_FIRST,0,0,0,1,0,0
2026-04-09,SPY,UNCLASSIFIED,SQUEEZE_THEN_FILL,LATE_FILL_ACCEPTANCE,SQUEEZE_AWAY_FIRST,0,0,0,1,0,0
2026-04-09,SPY,UNCLASSIFIED,SQUEEZE_THEN_FILL,LATE_FILL_ACCEPTANCE,SQUEEZE_AWAY_FIRST,0,0,0,1,0,0
2026-04-10,SPY,UNCLASSIFIED,SQUEEZE_THEN_FILL,LATE_FILL_ACCEPTANCE,SQUEEZE_AWAY_FIRST,0,0,0,1,0,0
2026-04-13,SPY,UNCLASSIFIED,SQUEEZE_THEN_FILL,LATE_FILL_ACCEPTANCE,SQUEEZE_AWAY_FIRST,0,0,0,1,0,0
2026-04-13,SPY,UNCLASSIFIED,SQUEEZE_THEN_FILL,LATE_FILL_ACCEPTANCE,SQUEEZE_AWAY_FIRST,0,0,0,1,0,0
2026-04-14,SPY,UNCLASSIFIED,FAILED_FILL_CONTINUATION,CONTINUATION_ACCEPTANCE,TREND_CONTINUATION,0,1,1,0,0,0
2026-04-14,SPY,UNCLASSIFIED,FAILED_FILL_CONTINUATION,CONTINUATION_ACCEPTANCE,TREND_CONTINUATION,0,1,1,0,0,0
2026-04-14,SPY,UNCLASSIFIED,FAILED_FILL_CONTINUATION,CONTINUATION_ACCEPTANCE,TREND_CONTINUATION,0,1,1,0,0,0
2026-04-15,SPY,UNCLASSIFIED,SQUEEZE_THEN_FILL,LATE_FILL_ACCEPTANCE,SQUEEZE_AWAY_FIRST,0,0,0,1,0,0
2026-04-16,SPY,UNCLASSIFIED,SQUEEZE_THEN_FILL,LATE_FILL_ACCEPTANCE,SQUEEZE_AWAY_FIRST,0,0,0,1,0,0
2026-04-17,SPY,CLEAN_BREAKOUT,FAILED_FILL_CONTINUATION,CONTINUATION_ACCEPTANCE,TREND_CONTINUATION,0,1,1,0,0,0
2026-04-20,SPY,RANGE_COMPRESSION,PARTIAL_FILL_REJECT,REJECTED_BEFORE_FILL,FAILED_REVERSION,1,0,0,0,0,0
2026-04-21,SPY,CLEAN_BREAKDOWN,SQUEEZE_THEN_FILL,LATE_FILL_ACCEPTANCE,SQUEEZE_AWAY_FIRST,0,0,0,1,0,0
2026-04-22,SPY,UNCLASSIFIED,FAILED_FILL_CONTINUATION,CONTINUATION_ACCEPTANCE,TREND_CONTINUATION,0,1,1,0,0,0
2026-04-22,SPY,UNCLASSIFIED,FAILED_FILL_CONTINUATION,CONTINUATION_ACCEPTANCE,TREND_CONTINUATION,0,1,1,0,0,0
2026-04-23,SPY,FAILED_BREAKDOWN,SQUEEZE_THEN_FILL,LATE_FILL_ACCEPTANCE,SQUEEZE_AWAY_FIRST,0,0,0,1,0,0
2026-04-23,SPY,FAILED_BREAKDOWN,SQUEEZE_THEN_FILL,LATE_FILL_ACCEPTANCE,SQUEEZE_AWAY_FIRST,0,0,0,1,0,0
2026-04-23,SPY,FAILED_BREAKDOWN,SQUEEZE_THEN_FILL,LATE_FILL_ACCEPTANCE,SQUEEZE_AWAY_FIRST,0,0,0,1,0,0
2026-04-24,SPY,UNCLASSIFIED,PARTIAL_FILL_REJECT,REJECTED_BEFORE_FILL,FAILED_REVERSION,1,0,0,0,0,0
2026-04-27,SPY,UNCLASSIFIED,DIRECT_FILL,FAST_ACCEPTANCE,IMMEDIATE_REVERSION,0,0,0,0,0,1
2026-04-27,SPY,UNCLASSIFIED,DIRECT_FILL,FAST_ACCEPTANCE,IMMEDIATE_REVERSION,0,0,0,0,0,1
2026-04-28,SPY,UNCLASSIFIED,FAILED_FILL_CONTINUATION,CONTINUATION_ACCEPTANCE,TREND_CONTINUATION,0,1,1,0,0,0
2026-04-29,SPY,UNCLASSIFIED,SQUEEZE_THEN_FILL,LATE_FILL_ACCEPTANCE,SQUEEZE_AWAY_FIRST,0,0,0,1,0,0
2026-04-30,SPY,CLEAN_BREAKOUT,SQUEEZE_THEN_FILL,LATE_FILL_ACCEPTANCE,SQUEEZE_AWAY_FIRST,0,0,0,1,0,0
2026-05-01,SPY,UNCLASSIFIED,UNCLASSIFIED,,,0,0,0,0,0,0
2026-05-04,SPY,CLEAN_BREAKDOWN,SQUEEZE_THEN_FILL,LATE_FILL_ACCEPTANCE,SQUEEZE_AWAY_FIRST,0,0,0,1,0,0
2026-05-05,SPY,CLEAN_BREAKOUT,FAILED_FILL_CONTINUATION,CONTINUATION_ACCEPTANCE,TREND_CONTINUATION,0,1,1,0,0,0
2026-05-06,SPY,CLEAN_BREAKOUT,FAILED_FILL_CONTINUATION,CONTINUATION_ACCEPTANCE,TREND_CONTINUATION,0,1,1,0,0,0
2026-05-07,SPY,UNCLASSIFIED,SQUEEZE_THEN_FILL,LATE_FILL_ACCEPTANCE,SQUEEZE_AWAY_FIRST,0,0,0,1,0,0
2026-05-07,SPY,UNCLASSIFIED,SQUEEZE_THEN_FILL,LATE_FILL_ACCEPTANCE,SQUEEZE_AWAY_FIRST,0,0,0,1,0,0
2026-05-08,SPY,UNCLASSIFIED,FAILED_FILL_CONTINUATION,CONTINUATION_ACCEPTANCE,TREND_CONTINUATION,0,1,1,0,0,0
2026-05-11,SPY,UNCLASSIFIED,ROTATIONAL_BALANCE_THEN_FILL,BALANCE_TO_ACCEPTANCE,ROTATIONAL_AUCTION,0,0,0,0,1,0
2026-05-11,SPY,UNCLASSIFIED,ROTATIONAL_BALANCE_THEN_FILL,BALANCE_TO_ACCEPTANCE,ROTATIONAL_AUCTION,0,0,0,0,1,0
2026-05-11,SPY,UNCLASSIFIED,ROTATIONAL_BALANCE_THEN_FILL,BALANCE_TO_ACCEPTANCE,ROTATIONAL_AUCTION,0,0,0,0,1,0
2026-05-11,SPY,UNCLASSIFIED,ROTATIONAL_BALANCE_THEN_FILL,BALANCE_TO_ACCEPTANCE,ROTATIONAL_AUCTION,0,0,0,0,1,0
2026-05-11,SPY,UNCLASSIFIED,ROTATIONAL_BALANCE_THEN_FILL,BALANCE_TO_ACCEPTANCE,ROTATIONAL_AUCTION,0,0,0,0,1,0
2026-05-11,SPY,UNCLASSIFIED,ROTATIONAL_BALANCE_THEN_FILL,BALANCE_TO_ACCEPTANCE,ROTATIONAL_AUCTION,0,0,0,0,1,0
2026-05-12,SPY,UNCLASSIFIED,PARTIAL_FILL_REJECT,REJECTED_BEFORE_FILL,FAILED_REVERSION,1,0,0,0,0,0
2026-05-13,SPY,CLEAN_BREAKOUT,SQUEEZE_THEN_FILL,LATE_FILL_ACCEPTANCE,SQUEEZE_AWAY_FIRST,0,0,0,1,0,0
2026-05-14,SPY,CLEAN_BREAKOUT,FAILED_FILL_CONTINUATION,CONTINUATION_ACCEPTANCE,TREND_CONTINUATION,0,1,1,0,0,0
2026-05-15,SPY,CLEAN_BREAKDOWN,FAILED_FILL_CONTINUATION,CONTINUATION_ACCEPTANCE,TREND_CONTINUATION,0,1,1,0,0,0
2026-05-15,SPY,CLEAN_BREAKDOWN,FAILED_FILL_CONTINUATION,CONTINUATION_ACCEPTANCE,TREND_CONTINUATION,0,1,1,0,0,0
2026-05-18,SPY,UNCLASSIFIED,DIRECT_FILL,FAST_ACCEPTANCE,IMMEDIATE_REVERSION,0,0,0,0,0,1
2026-05-19,SPY,UNCLASSIFIED,PARTIAL_FILL_REJECT,REJECTED_BEFORE_FILL,FAILED_REVERSION,1,0,0,0,0,0
2026-05-20,SPY,CLEAN_BREAKOUT,PARTIAL_FILL_REJECT,REJECTED_BEFORE_FILL,FAILED_REVERSION,1,0,0,0,0,0
2026-05-20,SPY,CLEAN_BREAKOUT,PARTIAL_FILL_REJECT,REJECTED_BEFORE_FILL,FAILED_REVERSION,1,0,0,0,0,0
2026-05-20,SPY,CLEAN_BREAKOUT,PARTIAL_FILL_REJECT,REJECTED_BEFORE_FILL,FAILED_REVERSION,1,0,0,0,0,0
2026-05-20,SPY,CLEAN_BREAKOUT,PARTIAL_FILL_REJECT,REJECTED_BEFORE_FILL,FAILED_REVERSION,1,0,0,0,0,0
2026-05-21,SPY,CLEAN_BREAKOUT,SQUEEZE_THEN_FILL,LATE_FILL_ACCEPTANCE,SQUEEZE_AWAY_FIRST,0,0,0,1,0,0
2026-05-21,SPY,CLEAN_BREAKOUT,SQUEEZE_THEN_FILL,LATE_FILL_ACCEPTANCE,SQUEEZE_AWAY_FIRST,0,0,0,1,0,0
2026-05-21,SPY,CLEAN_BREAKOUT,SQUEEZE_THEN_FILL,LATE_FILL_ACCEPTANCE,SQUEEZE_AWAY_FIRST,0,0,0,1,0,0
2026-05-22,SPY,UNCLASSIFIED,PARTIAL_FILL_REJECT,REJECTED_BEFORE_FILL,FAILED_REVERSION,1,0,0,0,0,0
